acct_seq,branch_code,channel_code
11000,SN,mb
11001,PR,br
11002,CL,ib
11003,ED,mb
11004,DL,br
11005,SN,ib
11006,PR,mb
11007,CL,br
11008,ED,ib
11009,DL,mb
11010,SN,br
11011,PR,ib
11012,CL,mb
11013,ED,br
11014,DL,ib
11015,SN,mb
11016,PR,br
11017,CL,ib
11018,ED,mb
11019,DL,br
11020,SN,ib
11021,PR,mb
11022,CL,br
11023,ED,ib
11024,DL,mb
11025,SN,br
11026,PR,ib
11027,CL,mb
11028,ED,br
11029,DL,ib
11030,SN,mb
11031,PR,br
11032,CL,ib
11033,ED,mb
11034,DL,br
11035,SN,ib
11036,PR,mb
11037,CL,br
11038,ED,ib
11039,DL,mb
11040,SN,br
11041,PR,ib
11042,CL,mb
11043,ED,br
11044,DL,ib
11045,SN,mb
11046,PR,br
11047,CL,ib
11048,ED,mb
11049,DL,br
11050,XX,ib
11050,SN,ib
11051,PR,mb
11052,CL,br
11053,ED,ib
11054,DL,mb
11055,SN,br
11056,PR,ib
11057,CL,mb
11058,ED,br
11059,DL,ib
11060,SN,mb
11061,PR,br
11062,CL,ib
11063,ED,mb
11064,DL,br
11065,SN,ib
11066,PR,mb
11067,CL,br
11068,ED,ib
11069,DL,mb
11070,SN,br
11071,PR,ib
11072,CL,mb
11073,ED,br
11074,DL,ib
11075,SN,mb
11076,PR,br
11077,CL,ib
11078,ED,mb
11079,DL,br
11080,SN,ib
11081,PR,mb
11082,CL,br
11083,ED,ib
11084,DL,mb
11085,SN,br
11086,PR,ib
11087,CL,mb
11088,ED,br
11089,DL,ib
11090,SN,mb
11091,PR,br
11092,CL,ib
11093,ED,mb
11094,DL,br
11095,SN,ib
11096,PR,mb
11097,CL,br
11098,ED,ib
11099,DL,mb
