acct_seq,cust_id,prod_code,opened_on,ccy,bal,st
11000,1,FD,2024-01-02,eur,672.9030,C
11001,2,RD,2024-01-03,gbp,36064.0188,S
11002,3,LN,2024-01-04,inr,34117.3474,A
11003,4,FD,2024-01-05,jpy,26894.8195,C
11004,5,RD,2024-01-06,usd,13414.5770,S
11005,6,LN,2024-01-07,eur,32083.9937,A
11006,7,FD,2024-01-08,gbp,5666.4535,C
11007,8,RD,2024-01-09,inr,21794.7860,S
11008,9,LN,2024-01-10,jpy,22740.8129,A
11009,10,FD,2024-01-11,usd,47695.4148,C
11010,11,RD,2024-01-12,eur,43805.0617,S
11011,12,LN,2024-01-13,gbp,13243.1136,A
11012,13,FD,2024-01-14,inr,25079.2470,C
11013,14,RD,2024-01-15,jpy,9014.7288,S
11014,15,LN,2024-01-16,usd,45640.1292,A
11015,16,FD,2024-01-17,eur,43538.8766,C
11016,17,RD,2024-01-18,gbp,14992.3951,S
11017,18,LN,2024-01-19,inr,31983.5798,A
11018,19,FD,2024-01-20,jpy,30487.6136,C
11019,20,RD,2024-01-21,usd,7726.6795,S
11020,21,LN,2024-01-22,eur,38149.2889,A
11021,22,FD,2024-01-23,gbp,27015.0136,C
11022,23,RD,2024-01-24,inr,38953.4613,S
11023,24,LN,2024-01-25,jpy,26564.6482,A
11024,25,FD,2024-01-26,usd,128.5376,C
11025,26,RD,2024-01-27,eur,16275.3872,S
11026,27,LN,2024-01-28,gbp,1071.8894,A
11027,28,FD,2024-01-29,inr,46462.0210,C
11028,29,RD,2024-01-30,jpy,43948.2217,S
11029,30,LN,2024-01-31,usd,41600.1099,A
11030,31,FD,2024-02-01,eur,15444.9549,C
11031,32,RD,2024-02-02,gbp,2990.4658,S
11032,33,LN,2024-02-03,inr,43912.6790,A
11033,34,FD,2024-02-04,jpy,47352.7773,C
11034,35,RD,2024-02-05,usd,4374.1073,S
11035,36,LN,2024-02-06,eur,24350.9241,A
11036,37,FD,2024-02-07,gbp,3553.7047,C
11037,38,RD,2024-02-08,inr,38054.0480,S
11038,39,LN,2024-02-09,jpy,38315.1380,A
11039,40,FD,2024-02-10,usd,6506.7341,C
11040,41,RD,2024-02-11,eur,23816.5907,S
11041,42,LN,2024-02-12,gbp,27535.1993,A
11042,43,FD,2024-02-13,inr,13326.3258,C
11043,44,RD,2024-02-14,jpy,43634.4088,S
11044,45,LN,2024-02-15,usd,21214.5832,A
11045,46,FD,2024-02-16,eur,10668.7305,C
11046,47,RD,2024-02-17,gbp,27010.8748,S
11047,48,LN,2024-02-18,inr,36523.5603,A
11048,49,FD,2024-02-19,jpy,10137.4381,C
11049,50,RD,2024-02-20,usd,15654.6429,S
11050,51,LN,2024-02-21,eur,49757.9529,A
11051,52,FD,2024-02-22,gbp,32528.9151,C
11052,53,RD,2024-02-23,inr,21961.1942,S
11053,54,LN,2024-02-24,jpy,25927.0345,A
11054,55,FD,2024-02-25,usd,6138.1094,C
11055,56,RD,2024-02-26,eur,11312.3971,S
11056,57,LN,2024-02-27,gbp,16970.4696,A
11057,58,FD,2024-02-28,inr,29456.6051,C
11058,59,RD,2024-02-29,jpy,11582.7252,S
11059,60,LN,2024-03-01,usd,11088.8475,A
11060,61,FD,2024-03-02,eur,3642.5550,C
11061,62,RD,2024-03-03,gbp,31592.0376,S
11062,63,LN,2024-03-04,inr,11524.1950,A
11063,64,FD,2024-03-05,jpy,45280.4586,C
11064,65,RD,2024-03-06,usd,42995.8065,S
11065,66,LN,2024-03-07,eur,3635.7818,A
11066,67,FD,2024-03-08,gbp,11976.4313,C
11067,68,RD,2024-03-09,inr,33481.9911,S
11068,69,LN,2024-03-10,jpy,10790.4167,A
11069,70,FD,2024-03-11,usd,6702.3613,C
11070,71,RD,2024-03-12,eur,46782.1606,S
11071,72,LN,2024-03-13,gbp,28595.0504,A
11072,73,FD,2024-03-14,inr,23686.2842,C
11073,74,RD,2024-03-15,jpy,39252.5093,S
11074,75,LN,2024-03-16,usd,40394.1002,A
11075,76,FD,2024-03-17,eur,9601.4547,C
11076,77,RD,2024-03-18,gbp,4936.8476,S
11077,78,LN,2024-03-19,inr,21609.4540,A
11078,79,FD,2024-03-20,jpy,21236.5733,C
11079,80,RD,2024-03-21,usd,23404.5309,S
11080,81,LN,2024-03-22,eur,36480.8849,A
11081,82,FD,2024-03-23,gbp,33700.8909,C
11082,83,RD,2024-03-24,inr,49209.8440,S
11083,84,LN,2024-03-25,jpy,5011.0518,A
11084,85,FD,2024-03-26,usd,20190.8020,C
11085,86,RD,2024-03-27,eur,17031.2000,S
11086,87,LN,2024-03-28,gbp,43097.4596,A
11087,88,FD,2024-03-29,inr,12507.9511,C
11088,89,RD,2024-03-30,jpy,9591.4245,S
11089,90,LN,2024-03-31,usd,22485.8160,A
11090,91,FD,2024-04-01,eur,21151.8938,C
11091,92,RD,2024-04-02,gbp,13999.4027,S
11092,93,LN,2024-04-03,inr,12565.3417,A
11093,94,FD,2024-04-04,jpy,46170.9534,C
11094,95,RD,2024-04-05,usd,22212.2242,S
11095,96,LN,2024-04-06,eur,43081.3203,A
11096,97,FD,2024-04-07,gbp,27561.2331,C
11097,98,RD,2024-04-08,inr,2624.3576,S
11098,99,LN,2024-04-09,jpy,49964.1952,A
11099,100,FD,2024-04-10,usd,41817.7765,C
