customer_id,first_name,last_name,email,dob,country,balance,status,created_at
1,Ravi,Smith,user1@example.com,1971-02-02,gb,3197.1340,inactive,2024-01-02 10:01:00
2,Mei,Diaz,user2@example.com,1972-03-03,in,125.0538,suspended,2024-01-03 10:02:00
3,Liam,Ito,user3@example.com,1973-04-04,de,1375.1466,active,2024-01-04 10:03:00
4,Zara,Chen,user4@example.com,1974-05-05,fr,1116.0537,inactive,2024-01-05 10:04:00
5,Noah,Brown,user5@example.com,1975-06-06,jp,3682.3561,suspended,2024-01-06 10:05:00
6,Ivy,Rossi,user6@example.com,1976-07-07,br,3383.4974,active,2024-01-07 10:06:00
7,Omar,Kumar,User7@Example.COM,1977-08-08,ca,4460.8978,inactive,2024-01-08 10:07:00
8,Lena,Ali,user8@example.com,1978-09-09,au,434.6942,suspended,2024-01-09 10:08:00
9,Kai,Khan,user9@example.com,1979-10-10,nl,2109.6091,active,2024-01-10 10:09:00
10,Asha,Patel,user10@example.com,1980-11-11,us,148.9861,inactive,2024-01-11 10:10:00
11,Ravi,Smith,user11@example.com,1981-12-12,gb,1093.1899,suspended,2024-01-12 10:11:00
12,Mei,Diaz,user12@example.com,1982-01-13,in,2526.7764,active,2024-01-13 10:12:00
13,Liam,Ito,user13@example.com,1983-02-14,de,132.6798,inactive,2024-01-14 10:13:00
14,Zara,Chen,User14@Example.COM,1984-03-15,fr,994.1883,suspended,2024-01-15 10:14:00
15,Noah,Brown,user15@example.com,1985-04-16,jp,3249.4222,active,2024-01-16 10:15:00
16,Ivy,Rossi,user16@example.com,1986-05-17,br,2724.7074,inactive,2024-01-17 10:16:00
17,Omar,Kumar,user17@example.com,1987-06-18,ca,1102.2031,suspended,2024-01-18 10:17:00
18,Lena,Ali,user18@example.com,1988-07-19,au,2946.3284,active,2024-01-19 10:18:00
19,Kai,Khan,user19@example.com,1989-08-20,nl,4047.1523,inactive,2024-01-20 10:19:00
20,Asha,Patel,user20@example.com,1990-09-21,us,32.4938,suspended,2024-01-21 10:20:00
21,Ravi,Smith,User21@Example.COM,1991-10-22,gb,4029.0963,active,2024-01-22 10:21:00
22,Mei,Diaz,user22@example.com,1992-11-23,in,3490.6970,inactive,2024-01-23 10:22:00
23,Liam,Ito,user23@example.com,1993-12-24,de,1701.2526,suspended,2024-01-24 10:23:00
24,Zara,Chen,user24@example.com,1994-01-25,fr,777.3975,active,2024-01-25 10:24:00
25,Noah,Brown,user25@example.com,1995-02-26,jp,4786.0654,inactive,2024-01-26 10:25:00
26,Ivy,Rossi,user26@example.com,1996-03-27,br,1682.9727,suspended,2024-01-27 10:26:00
27,Omar,Kumar,user27@example.com,1997-04-28,ca,463.7292,active,2024-01-28 10:27:00
28,Lena,Ali,User28@Example.COM,1998-05-01,au,483.5819,inactive,2024-01-29 10:28:00
29,Kai,Khan,user29@example.com,1999-06-02,nl,4237.4718,suspended,2024-01-30 10:29:00
30,Asha,Patel,user30@example.com,2000-07-03,us,3018.6302,active,2024-01-31 10:30:00
31,Ravi,Smith,user31@example.com,2001-08-04,gb,4035.6414,inactive,2024-02-01 10:31:00
32,Mei,Diaz,user32@example.com,2002-09-05,in,3648.6589,suspended,2024-02-02 10:32:00
33,Liam,Ito,user33@example.com,2003-10-06,de,2681.1405,active,2024-02-03 10:33:00
34,Zara,Chen,user34@example.com,2004-11-07,fr,4865.5788,inactive,2024-02-04 10:34:00
35,Noah,Brown,User35@Example.COM,2005-12-08,jp,1892.6719,suspended,2024-02-05 10:35:00
36,Ivy,Rossi,user36@example.com,2006-01-09,br,2760.2032,active,2024-02-06 10:36:00
37,Omar,Kumar,user37@example.com,2007-02-10,ca,4147.0233,inactive,2024-02-07 10:37:00
38,Lena,Ali,user38@example.com,2008-03-11,au,3092.5988,suspended,2024-02-08 10:38:00
39,Kai,Khan,user39@example.com,2009-04-12,nl,4308.5345,active,2024-02-09 10:39:00
40,Asha,Patel,user40@example.com,1970-05-13,us,2886.7607,inactive,2024-02-10 10:40:00
41,Ravi,Smith,user41@example.com,1971-06-14,gb,3522.8592,suspended,2024-02-11 10:41:00
42,Mei,Diaz,User42@Example.COM,1972-07-15,in,229.1219,active,2024-02-12 10:42:00
43,Liam,Ito,user43@example.com,1973-08-16,de,1139.4914,inactive,2024-02-13 10:43:00
44,Zara,Chen,user44@example.com,1974-09-17,fr,1446.9398,suspended,2024-02-14 10:44:00
45,Noah,Brown,user45@example.com,1975-10-18,jp,398.9599,active,2024-02-15 10:45:00
46,Ivy,Rossi,user46@example.com,1976-11-19,br,1163.9544,inactive,2024-02-16 10:46:00
47,Omar,Kumar,user47@example.com,1977-12-20,ca,505.0071,suspended,2024-02-17 10:47:00
48,Lena,Ali,user48@example.com,1978-01-21,au,1389.8680,active,2024-02-18 10:48:00
49,Kai,Khan,User49@Example.COM,1979-02-22,nl,3178.4222,inactive,2024-02-19 10:49:00
50,Asha,Patel,user50@example.com,1980-03-23,us,1824.1609,suspended,2024-02-20 10:50:00
51,Ravi,Smith,user51@example.com,1981-04-24,gb,1850.9048,active,2024-02-21 10:51:00
52,Mei,Diaz,user52@example.com,1982-05-25,in,1047.5352,inactive,2024-02-22 10:52:00
53,Liam,Ito,user53@example.com,1983-06-26,de,1334.8891,suspended,2024-02-23 10:53:00
54,Zara,Chen,user54@example.com,1984-07-27,fr,4683.2729,active,2024-02-24 10:54:00
55,Noah,Brown,user55@example.com,1985-08-28,jp,3240.1769,inactive,2024-02-25 10:55:00
56,Ivy,Rossi,User56@Example.COM,1986-09-01,br,3045.6550,suspended,2024-02-26 10:56:00
57,Omar,Kumar,user57@example.com,1987-10-02,ca,855.6932,active,2024-02-27 10:57:00
58,Lena,Ali,user58@example.com,1988-11-03,au,3645.6340,inactive,2024-02-28 10:58:00
59,Kai,Khan,user59@example.com,1989-12-04,nl,817.0125,suspended,2024-02-29 10:59:00
60,Asha,Patel,user60@example.com,1990-01-05,us,1897.2772,active,2024-03-01 10:00:00
61,Ravi,Smith,user61@example.com,1991-02-06,gb,4947.6168,inactive,2024-03-02 10:01:00
62,Mei,Diaz,user62@example.com,1992-03-07,in,3199.9988,suspended,2024-03-03 10:02:00
63,Liam,Ito,User63@Example.COM,1993-04-08,de,2784.7487,active,2024-03-04 10:03:00
64,Zara,Chen,user64@example.com,1994-05-09,fr,3423.0713,inactive,2024-03-05 10:04:00
65,Noah,Brown,user65@example.com,1995-06-10,jp,4214.2596,suspended,2024-03-06 10:05:00
66,Ivy,Rossi,user66@example.com,1996-07-11,br,3879.9996,active,2024-03-07 10:06:00
67,Omar,Kumar,user67@example.com,1997-08-12,ca,1145.2404,inactive,2024-03-08 10:07:00
68,Lena,Ali,user68@example.com,1998-09-13,au,160.5012,suspended,2024-03-09 10:08:00
69,Kai,Khan,user69@example.com,1999-10-14,nl,1577.2652,active,2024-03-10 10:09:00
70,Asha,Patel,User70@Example.COM,2000-11-15,us,1338.7044,inactive,2024-03-11 10:10:00
71,Ravi,Smith,user71@example.com,2001-12-16,gb,1054.9142,suspended,2024-03-12 10:11:00
72,Mei,Diaz,user72@example.com,2002-01-17,in,4714.5486,active,2024-03-13 10:12:00
73,Liam,Ito,user73@example.com,2003-02-18,de,4381.8381,inactive,2024-03-14 10:13:00
74,Zara,Chen,user74@example.com,2004-03-19,fr,1573.3894,suspended,2024-03-15 10:14:00
75,Noah,Brown,user75@example.com,2005-04-20,jp,3277.1933,active,2024-03-16 10:15:00
76,Ivy,Rossi,user76@example.com,2006-05-21,br,1978.1595,inactive,2024-03-17 10:16:00
77,Omar,Kumar,User77@Example.COM,2007-06-22,ca,4572.7379,suspended,2024-03-18 10:17:00
78,Lena,Ali,user78@example.com,2008-07-23,au,2294.2593,active,2024-03-19 10:18:00
79,Kai,Khan,user79@example.com,2009-08-24,nl,1324.4008,inactive,2024-03-20 10:19:00
80,Asha,Patel,user80@example.com,1970-09-25,us,1233.1375,suspended,2024-03-21 10:20:00
81,Ravi,Smith,user81@example.com,1971-10-26,gb,2806.8407,active,2024-03-22 10:21:00
82,Mei,Diaz,user82@example.com,1972-11-27,in,1313.7080,inactive,2024-03-23 10:22:00
83,Liam,Ito,user83@example.com,1973-12-28,de,2922.9300,suspended,2024-03-24 10:23:00
84,Zara,Chen,User84@Example.COM,1974-01-01,fr,4489.1144,active,2024-03-25 10:24:00
85,Noah,Brown,user85@example.com,1975-02-02,jp,1997.0025,inactive,2024-03-26 10:25:00
86,Ivy,Rossi,user86@example.com,1976-03-03,br,1096.6038,suspended,2024-03-27 10:26:00
87,Omar,Kumar,user87@example.com,1977-04-04,ca,4987.6880,active,2024-03-28 10:27:00
88,Lena,Ali,user88@example.com,1978-05-05,au,2547.6315,inactive,2024-03-29 10:28:00
89,Kai,Khan,user89@example.com,1979-06-06,nl,454.5471,suspended,2024-03-30 10:29:00
90,Asha,Patel,user90@example.com,1980-07-07,us,235.5819,active,2024-03-31 10:30:00
91,Ravi,Smith,User91@Example.COM,1981-08-08,gb,548.2457,inactive,2024-04-01 10:31:00
92,Mei,Diaz,user92@example.com,1982-09-09,in,3137.2302,suspended,2024-04-02 10:32:00
93,Liam,Ito,user93@example.com,1983-10-10,de,3960.3968,active,2024-04-03 10:33:00
94,Zara,Chen,user94@example.com,1984-11-11,fr,2110.7998,inactive,2024-04-04 10:34:00
95,Noah,Brown,user95@example.com,1985-12-12,jp,317.6385,suspended,2024-04-05 10:35:00
96,Ivy,Rossi,user96@example.com,1986-01-13,br,1908.0964,active,2024-04-06 10:36:00
97,Omar,Kumar,user97@example.com,1987-02-14,ca,4980.6069,inactive,2024-04-07 10:37:00
