acct_no,cust_id,prod_cd,ccy,open_dt,status_cd,cur_bal
0010040207,100001,SAV01,USD,2018-01-10,C,201416.64
0011883347,100002,CHK01,USD,2012-10-10,A,109132.94
0033496143,100003,CHK01,USD,2010-09-04,A,205794.16
0074754238,100004,SAV01,USD,2005-03-25,C,29671.83
0144663091,100005,SAV01,USD,2013-09-09,A,71271.60
0144996298,100006,CD12,USD,2020-05-21,A,207449.68
0229468875,100007,CD12,USD,2019-08-17,D,167078.43
0250408513,100008,CD12,CAD,2019-12-08,A,38957.74
0300759737,100009,CD12,USD,2020-11-18,A,79983.69
0301782804,100010,CD12,USD,2020-10-12,C,23572.51
0362217637,100011,CD12,USD,2024-02-03,A,123320.68
0418948300,100012,SAV01,USD,2016-03-10,A,5291.61
0464237386,100013,SAV01,USD,2015-08-27,A,132189.55
0479605873,100014,CD12,USD,2016-02-15,A,194158.12
0526555619,100015,CD12,USD,2024-01-09,A,54704.83
0540056153,100016,SAV01,USD,2020-03-26,A,113415.74
0559007633,100017,CHK01,USD,2005-08-11,A,143061.62
0594824551,100018,SAV01,USD,2017-12-24,A,17617.29
0612807055,100019,CHK01,USD,2012-04-24,A,139894.41
0638798873,100020,CD12,USD,2023-08-03,A,215629.00
0685229806,100021,SAV01,USD,2023-01-11,A,42496.99
0695237854,100022,CHK01,CAD,2020-03-20,A,2383.32
0732109042,100023,SAV01,USD,2012-02-11,C,108721.06
0735506990,100024,CHK01,USD,2021-10-08,C,231582.83
0744584950,100025,SAV01,USD,2005-10-06,A,138643.08
0764412169,100026,CHK01,USD,2006-04-13,A,212903.30
0776862527,100027,CHK01,USD,2007-11-16,A,45470.94
0781164693,100028,CD12,USD,2009-04-10,A,229680.67
0791904408,100029,SAV01,USD,2013-01-19,A,200072.42
0797846649,100030,CHK01,USD,2007-09-11,A,128297.51
0917889763,100031,CHK01,USD,2017-06-18,A,210118.73
0922711000,100032,CHK01,USD,2019-10-26,A,128428.86
0926914449,100033,CD12,CAD,2010-05-22,A,204777.16
0935933430,100034,CHK01,USD,2018-07-10,A,189029.03
0952370992,100035,CHK01,USD,2015-03-07,A,13866.53
0966015171,100036,SAV01,USD,2007-02-11,A,143426.64
0989770863,100037,SAV01,USD,2023-12-20,A,16790.96
0995719109,100038,CD12,USD,2008-09-12,A,218366.29
1011576425,100039,CD12,USD,2020-05-07,A,52134.41
1081639290,100040,CHK01,USD,2018-08-25,A,11993.27
1094491887,100041,CD12,USD,2009-12-04,D,152112.43
1114380273,100042,SAV01,USD,2013-07-01,A,231746.70
1127933009,100043,CHK01,USD,2013-10-29,A,151455.15
1131106087,100044,CD12,USD,2007-03-04,A,189697.06
1145308009,100045,CHK01,USD,2007-02-01,A,55991.25
1167941966,100046,CHK01,USD,2015-06-29,A,96914.34
1188096130,100047,CHK01,USD,2015-05-30,A,213709.00
1191836437,100048,SAV01,USD,2010-10-11,A,231618.06
1237234745,100049,CHK01,USD,2012-09-06,C,168236.65
1247361464,100050,CD12,CAD,2009-01-12,A,57149.05
1249247119,100051,CD12,USD,2014-06-12,D,133816.70
1273143124,100052,CHK01,USD,2022-09-13,A,235575.98
1292553999,100053,CD12,USD,2008-06-05,A,240121.53
1297449829,100054,CHK01,USD,2007-05-15,A,136709.28
1299207089,100055,CHK01,USD,2013-06-23,A,66349.62
1395644414,100056,CHK01,USD,2022-02-28,A,1094.69
1415666276,100057,SAV01,USD,2012-12-09,A,162357.48
1430445155,100058,SAV01,USD,2006-12-26,A,222330.54
1475381929,100059,CD12,USD,2012-05-28,A,189368.98
1512990315,100060,CHK01,USD,2023-03-29,A,4165.16
1519038784,100061,CHK01,USD,2015-06-28,A,243145.16
1597675385,100062,CD12,USD,2018-02-21,A,140986.31
1617933238,100063,CHK01,CAD,2020-08-30,A,218643.14
1621151825,100064,CD12,USD,2006-10-01,A,131765.61
1675357960,100065,CHK01,USD,2019-08-10,A,163793.52
1677152998,100066,CHK01,USD,2022-07-31,A,211543.26
1690730985,100067,CD12,USD,2012-05-18,A,31355.40
1734739453,100068,CHK01,USD,2024-02-02,A,184907.96
1740086582,100069,CHK01,USD,2009-07-19,C,31555.41
1760567936,100070,CHK01,USD,2006-10-06,D,125500.32
1832007278,100071,SAV01,CAD,2005-08-20,A,147345.46
1833605909,100072,CHK01,USD,2023-07-22,A,132972.39
1844084840,100073,CHK01,CAD,2019-12-24,A,227846.92
1866427912,100074,CHK01,USD,2021-07-06,A,27488.99
1892218032,100075,SAV01,USD,2005-08-18,A,143687.50
1894659604,100076,SAV01,USD,2016-08-10,A,207787.11
1915293801,100077,CHK01,USD,2018-03-19,A,91218.47
1945096535,100078,CD12,USD,2008-10-31,A,99339.47
1953820981,100079,CHK01,USD,2013-08-14,A,102915.38
1977738523,100080,CD12,USD,2023-10-05,C,111436.94
2002334585,100081,CD12,USD,2014-12-27,A,211289.57
2030679737,100082,SAV01,USD,2020-02-26,A,126283.15
2067612179,100083,SAV01,USD,2008-12-16,C,223917.77
2076124559,100084,CD12,USD,2009-11-12,A,6438.92
2094772856,100085,SAV01,USD,2020-04-11,A,134087.17
2187433743,100086,SAV01,USD,2009-11-24,A,128384.02
2187463883,100087,SAV01,USD,2019-03-28,A,77400.43
2191666667,100088,CD12,USD,2009-01-26,A,45730.24
2210804212,100089,CHK01,USD,2020-11-17,A,24117.08
2236887328,100090,SAV01,USD,2017-06-09,A,219946.95
2348111566,100091,CHK01,CAD,2019-03-24,D,17810.07
2387322797,100092,SAV01,USD,2011-04-10,C,125641.06
2388537444,100093,CD12,USD,2022-06-05,A,215634.43
2428793488,100094,CHK01,USD,2021-03-25,A,42051.16
2465431656,100095,SAV01,USD,2020-12-20,A,42845.61
2488088438,100096,SAV01,USD,2019-06-09,A,203366.72
2541631011,100097,SAV01,USD,2016-08-08,C,137444.22
2568761165,100098,CHK01,USD,2010-02-01,A,85891.95
2574559859,100099,SAV01,USD,2007-04-29,A,120433.91
2606491833,100100,CHK01,USD,2017-11-30,A,168091.82
2640164527,100101,CHK01,USD,2023-06-18,A,224081.27
2769379411,100102,CD12,USD,2006-08-05,D,123094.92
2779005854,100103,SAV01,USD,2012-05-24,A,147569.48
2791571752,100104,CHK01,CAD,2011-02-18,A,34752.85
2828297394,100105,CHK01,USD,2008-07-01,D,168785.20
2839145023,100106,CD12,CAD,2007-03-19,A,111448.65
2848942761,100107,CD12,CAD,2015-12-01,A,194109.31
2950623438,100108,SAV01,USD,2013-11-28,A,210163.63
2996566514,100109,SAV01,USD,2014-12-19,A,87398.05
3009983860,100110,CHK01,USD,2006-04-09,A,81683.76
3033724495,100111,CHK01,USD,2018-12-23,A,221599.14
3034721842,100112,SAV01,USD,2010-09-21,D,7073.55
3037657304,100113,CHK01,USD,2007-11-30,A,10417.49
3045736999,100114,CD12,CAD,2009-12-14,A,143960.95
3075305662,100115,CD12,CAD,2019-06-06,C,22648.83
3086680582,100116,CD12,USD,2014-06-05,A,215586.69
3090916943,100117,CHK01,USD,2005-10-11,A,199433.83
3106579776,100118,CHK01,USD,2021-02-28,A,98346.24
3132915062,100119,CD12,USD,2008-11-19,A,135700.67
3188603284,100120,SAV01,USD,2018-06-01,A,126784.07
3189430590,100121,CD12,USD,2022-09-10,A,109659.26
3192253981,100122,CD12,USD,2012-05-11,C,33023.29
3212595592,100123,CHK01,USD,2016-11-16,A,195031.48
3249441366,100124,SAV01,USD,2019-08-07,A,50193.99
3272009832,100125,CHK01,CAD,2021-09-19,A,120695.10
3283495262,100126,SAV01,USD,2008-04-05,A,134669.20
3298579609,100127,CD12,USD,2021-01-18,A,74072.37
3308345848,100128,CD12,USD,2007-08-08,A,84245.87
3313483244,100129,CHK01,USD,2017-11-25,A,180026.55
3319330300,100130,CHK01,USD,2007-10-01,A,101491.07
3328291682,100131,CHK01,USD,2018-10-20,A,220615.49
3363822451,100132,SAV01,USD,2022-03-13,A,203851.25
3389292832,100133,CD12,USD,2017-04-12,C,8403.79
3397569858,100134,CD12,USD,2013-06-28,A,236272.12
3420733515,100135,CD12,USD,2014-06-21,A,9976.89
3457907097,100136,SAV01,USD,2021-07-12,A,199512.13
3520277595,100137,CHK01,USD,2010-05-11,A,203663.54
3524736498,100138,SAV01,USD,2020-11-30,A,207334.66
3578765999,100139,CHK01,USD,2021-07-16,A,158018.70
3638185196,100140,CHK01,USD,2018-06-03,A,127072.40
3652168948,100141,CD12,USD,2018-04-29,A,198491.06
3684399372,100142,CD12,USD,2023-04-26,A,102044.59
3697731860,100143,CHK01,USD,2009-05-15,A,119666.67
3708390680,100144,CHK01,USD,2016-11-21,A,111745.59
3711373918,100145,SAV01,CAD,2023-03-03,A,234773.52
3801227136,100146,CHK01,CAD,2018-07-15,A,141001.91
3802098818,100147,SAV01,USD,2010-05-20,A,47698.99
3967972767,100148,CD12,USD,2005-06-05,D,213191.37
3989867488,100149,CHK01,USD,2023-07-19,A,248680.64
3996160286,100150,CHK01,USD,2016-10-05,A,25208.48
4013086029,100151,CHK01,USD,2015-02-11,A,20622.06
4018367818,100152,CD12,USD,2010-04-19,A,207058.16
4063373429,100153,CD12,USD,2018-10-15,A,80933.70
4098979376,100154,CHK01,USD,2010-08-13,A,70565.09
4128901075,100155,CD12,USD,2007-02-18,A,150746.74
4139153108,100156,CHK01,USD,2017-04-23,A,201559.73
4149960536,100157,CD12,USD,2020-05-12,C,249409.31
4155408961,100158,CD12,USD,2008-11-20,A,113058.48
4158532304,100159,SAV01,USD,2009-10-13,A,187550.04
4216426489,100160,CHK01,USD,2016-08-29,A,207484.62
4257195826,100161,CHK01,USD,2020-09-26,A,220460.19
4264494775,100162,SAV01,USD,2015-06-05,A,81234.98
4295148844,100163,SAV01,USD,2005-02-06,A,212396.46
4311423399,100164,CD12,USD,2007-08-15,A,64471.92
4351140039,100165,CHK01,USD,2010-10-05,A,72033.99
4360562648,100166,CD12,USD,2005-09-22,A,168640.76
4377391594,100167,CD12,CAD,2022-07-01,A,173741.79
4398228270,100168,SAV01,USD,2006-09-14,A,38379.90
4399856887,100169,CD12,USD,2005-11-18,A,53201.18
4435764593,100170,CD12,CAD,2017-04-04,A,87607.75
4490554844,100171,SAV01,USD,2015-12-13,A,214705.59
4493954312,100172,SAV01,USD,2017-02-16,A,137642.67
4504083755,100173,SAV01,USD,2015-12-12,A,218945.61
4515289535,100174,CHK01,USD,2014-03-10,A,39987.41
4530420828,100175,CD12,USD,2008-02-15,A,111293.14
4595205335,100176,CD12,USD,2011-05-03,A,129391.96
4603197436,100177,SAV01,USD,2007-07-12,A,50426.56
4616024288,100178,CHK01,USD,2013-07-24,A,72933.19
4617177192,100179,CHK01,USD,2017-11-07,A,102458.49
4639032807,100180,CHK01,USD,2022-06-05,D,66841.80
4646500223,100181,CHK01,USD,2007-07-02,D,202700.88
4650209246,100182,SAV01,USD,2007-05-15,A,142564.54
4650363649,100183,CHK01,USD,2007-10-07,D,114685.87
4668479930,100184,CHK01,USD,2014-08-29,A,146140.15
4671534379,100185,SAV01,CAD,2020-04-11,A,106132.04
4673414914,100186,SAV01,USD,2012-05-05,A,241864.55
4675510701,100187,CD12,USD,2022-09-09,C,133700.30
4677320670,100188,CD12,USD,2005-02-10,A,110919.95
4683401705,100189,CD12,USD,2010-09-23,A,222151.69
4690490601,100190,SAV01,USD,2009-12-21,A,231970.00
4703716780,100191,SAV01,USD,2008-11-11,A,217312.29
4707251931,100192,CD12,CAD,2015-05-06,A,53988.44
4752971212,100193,SAV01,USD,2012-06-10,A,60556.38
4757075716,100194,CHK01,USD,2020-03-20,A,170860.25
4812057677,100195,CD12,USD,2015-07-30,A,10070.79
4855809560,100196,CD12,CAD,2013-10-13,D,106702.79
4906754268,100197,SAV01,USD,2017-09-06,A,140811.84
4907186763,100198,CD12,USD,2012-02-02,A,216160.97
4947945459,100199,SAV01,USD,2007-05-08,A,144517.94
4956094957,100200,CHK01,USD,2006-03-22,A,159613.70
