txn_id,acct_no,post_ts,amt,dr_cr_ind,ccy,narrative
5000001,5880622256,2024-02-19 02:50:25,2606.67,CR,USD,WIRE OUT
5000002,6669734308,2024-01-03 00:33:10,2175.07,CR,USD,POS PURCHASE
5000003,8042693705,2024-05-22 05:20:30,2081.24,DR,CAD,FEE
5000004,8733604249,2024-05-09 17:03:23,1515.03,DR,USD,POS PURCHASE
5000005,5057196351,2024-05-13 06:54:32,4661.24,CR,USD,FEE
5000006,0559007633,2024-01-08 21:29:10,2689.94,CR,USD,WIRE OUT
5000007,3313483244,2024-05-30 17:28:47,1135.17,CR,USD,ATM WITHDRAWAL
5000008,6507597921,2024-04-25 19:20:57,3379.40,DR,CAD,FEE
5000009,8897862907,2024-03-28 13:46:02,3084.73,CR,USD,ACH CREDIT
5000010,1127933009,2024-04-23 22:22:36,1649.90,CR,USD,WIRE OUT
5000011,4063373429,2024-03-05 01:04:23,1350.15,CR,USD,POS PURCHASE
5000012,5660525552,2024-02-04 11:29:27,219.33,DR,USD,FEE
5000013,4155408961,2024-06-13 21:57:44,312.35,CR,USD,FEE
5000014,6325655232,2024-05-16 05:56:18,1272.36,CR,USD,POS PURCHASE
5000015,2828297394,2024-02-23 21:41:21,4943.16,CR,USD,WIRE OUT
5000016,8992357483,2024-05-27 16:31:14,1941.23,DR,CAD,ATM WITHDRAWAL
5000017,0229468875,2024-05-31 08:08:35,2466.09,CR,USD,ATM WITHDRAWAL
5000018,9385556921,2024-03-29 23:09:50,1937.67,DR,USD,ATM WITHDRAWAL
5000019,5904753922,2024-06-19 10:12:59,3227.04,DR,USD,POS PURCHASE
5000020,8316928642,2024-01-09 00:09:08,4695.85,CR,USD,ATM WITHDRAWAL
5000021,7525173809,2024-01-11 16:25:48,3265.89,DR,USD,POS PURCHASE
5000022,4617177192,2024-05-31 10:33:30,4625.01,DR,USD,WIRE OUT
5000023,5660525552,2024-04-02 11:09:45,146.68,DR,USD,ACH CREDIT
5000024,4707251931,2024-03-16 05:58:09,792.93,DR,CAD,WIRE OUT
5000025,0776862527,2024-02-11 00:37:53,1323.61,CR,USD,POS PURCHASE
5000026,1081639290,2024-03-21 09:29:09,1366.72,CR,USD,ATM WITHDRAWAL
5000027,4490554844,2024-03-21 16:01:16,4802.39,CR,USD,ACH CREDIT
5000028,6414135329,2024-05-10 14:57:29,3237.13,DR,USD,POS PURCHASE
5000029,7497710480,2024-02-08 03:33:44,4118.73,DR,USD,ACH CREDIT
5000030,1145308009,2024-06-21 21:38:16,624.08,CR,USD,ACH CREDIT
5000031,9851980740,2024-03-12 17:32:16,2985.75,DR,USD,ATM WITHDRAWAL
5000032,4677320670,2024-05-09 05:27:18,2270.11,DR,USD,FEE
5000033,8112014987,2024-03-21 20:14:40,2012.63,DR,USD,ACH CREDIT
5000034,8312494399,2024-05-25 10:23:34,1976.61,DR,USD,ACH CREDIT
5000035,4360562648,2024-05-01 20:48:12,2272.54,DR,USD,FEE
5000036,9413656039,2024-06-09 07:01:59,2409.83,DR,USD,ATM WITHDRAWAL
5000037,9049977593,2024-02-28 10:28:38,4402.98,DR,USD,FEE
5000038,5750608486,2024-01-31 19:36:48,4109.88,CR,USD,ACH CREDIT
5000039,9413656039,2024-05-22 08:07:26,4290.29,CR,USD,ACH CREDIT
5000040,7132271699,2024-03-01 19:52:15,3379.09,DR,CAD,ACH CREDIT
5000041,3684399372,2024-03-03 14:57:14,4211.00,CR,USD,ACH CREDIT
5000042,7213484319,2024-05-17 14:49:29,2571.50,DR,USD,FEE
5000043,1915293801,2024-03-01 08:51:22,1458.60,DR,USD,ATM WITHDRAWAL
5000044,0995719109,2024-02-05 00:12:59,3258.42,DR,USD,ACH CREDIT
5000045,4616024288,2024-04-29 08:03:02,120.87,DR,USD,POS PURCHASE
5000046,9471906960,2024-06-06 07:20:39,3594.11,CR,USD,ATM WITHDRAWAL
5000047,1945096535,2024-06-15 14:05:31,3759.64,DR,USD,ACH CREDIT
5000048,6325655232,2024-04-18 20:57:32,4573.92,CR,USD,POS PURCHASE
5000049,5189356318,2024-06-17 23:18:34,3776.22,DR,USD,FEE
5000050,7729637723,2024-06-17 14:31:53,2238.72,CR,USD,ATM WITHDRAWAL
5000051,5895112235,2024-04-03 10:23:07,1134.78,DR,USD,ATM WITHDRAWAL
5000052,5342244034,2024-04-08 18:16:28,3320.72,DR,USD,ATM WITHDRAWAL
5000053,0776862527,2024-05-01 22:46:02,961.51,CR,USD,ACH CREDIT
5000054,9016901422,2024-02-27 21:41:12,3867.18,CR,USD,ACH CREDIT
5000055,5624162161,2024-04-29 23:35:56,381.77,CR,USD,ATM WITHDRAWAL
5000056,7244076820,2024-05-28 21:52:33,4338.57,DR,USD,WIRE OUT
5000057,8044644069,2024-01-31 04:21:54,53.07,DR,USD,ACH CREDIT
5000058,0791904408,2024-01-03 06:00:47,155.48,CR,USD,ACH CREDIT
5000059,7958479383,2024-03-14 06:37:32,3932.31,DR,USD,WIRE OUT
5000060,2465431656,2024-02-21 18:47:27,3377.34,DR,USD,FEE
5000061,7574951816,2024-05-08 04:22:52,209.59,DR,USD,ACH CREDIT
5000062,1690730985,2024-03-09 20:59:59,2529.32,CR,USD,ATM WITHDRAWAL
5000063,4399856887,2024-03-17 09:07:26,4492.77,CR,USD,ACH CREDIT
5000064,0791904408,2024-03-01 05:57:31,1009.00,DR,USD,FEE
5000065,1273143124,2024-05-15 08:10:58,2805.20,CR,USD,ACH CREDIT
5000066,0764412169,2024-02-22 21:21:32,2721.96,DR,USD,POS PURCHASE
5000067,4991984544,2024-04-14 00:19:36,2756.30,CR,USD,FEE
5000068,1690730985,2024-03-26 16:41:18,1713.11,CR,USD,FEE
5000069,2848942761,2024-01-27 02:03:18,4363.51,DR,CAD,ACH CREDIT
5000070,1131106087,2024-03-17 08:10:09,4241.55,DR,USD,POS PURCHASE
5000071,4690490601,2024-01-17 23:26:04,1019.40,CR,USD,FEE
5000072,4257195826,2024-01-28 13:13:14,4384.33,DR,USD,POS PURCHASE
5000073,8042693705,2024-01-27 06:14:00,63.07,DR,CAD,ATM WITHDRAWAL
5000074,5057196351,2024-03-24 05:24:54,2303.42,CR,USD,FEE
5000075,6711691062,2024-04-25 06:20:28,2622.49,CR,USD,ACH CREDIT
5000076,4646500223,2024-01-19 02:01:18,4885.63,DR,USD,ATM WITHDRAWAL
5000077,8992357483,2024-01-03 15:20:57,1580.77,CR,CAD,ACH CREDIT
5000078,2428793488,2024-03-31 05:34:05,4202.81,CR,USD,ACH CREDIT
5000079,3249441366,2024-02-04 09:42:21,2486.72,DR,USD,ACH CREDIT
5000080,3283495262,2024-06-19 13:44:30,2980.44,DR,USD,WIRE OUT
5000081,0695237854,2024-04-20 12:40:06,4238.26,CR,CAD,ATM WITHDRAWAL
5000082,7057314852,2024-04-22 03:37:38,2557.03,DR,USD,FEE
5000083,3033724495,2024-04-03 01:44:55,2816.58,DR,USD,POS PURCHASE
5000084,2950623438,2024-01-02 18:04:00,1694.69,CR,USD,ATM WITHDRAWAL
5000085,3996160286,2024-03-30 09:47:12,2609.20,CR,USD,ATM WITHDRAWAL
5000086,5248627536,2024-03-31 15:47:36,1716.93,DR,USD,ATM WITHDRAWAL
5000087,5861815899,2024-02-07 13:54:47,1621.94,DR,USD,POS PURCHASE
5000088,3397569858,2024-03-02 01:28:17,2240.29,DR,USD,ATM WITHDRAWAL
5000089,5158260437,2024-04-10 01:15:33,2854.90,DR,USD,POS PURCHASE
5000090,7465532111,2024-05-29 06:36:42,4705.89,DR,USD,ATM WITHDRAWAL
5000091,1081639290,2024-04-09 04:10:36,1827.32,CR,USD,ATM WITHDRAWAL
5000092,2779005854,2024-04-25 18:41:35,3791.85,DR,USD,FEE
5000093,1131106087,2024-02-09 10:57:00,4799.55,CR,USD,ATM WITHDRAWAL
5000094,1833605909,2024-02-06 00:54:47,3524.61,CR,USD,ACH CREDIT
5000095,2779005854,2024-01-02 07:24:46,2410.26,CR,USD,POS PURCHASE
5000096,5552198467,2024-01-14 23:38:41,1036.23,CR,USD,ACH CREDIT
5000097,8461747748,2024-01-02 00:24:16,2814.56,CR,USD,ATM WITHDRAWAL
5000098,7729637723,2024-03-15 10:15:12,3155.60,CR,USD,FEE
5000099,2388537444,2024-04-23 01:48:48,3591.72,DR,USD,FEE
5000100,3272009832,2024-01-17 13:48:26,4392.73,CR,CAD,POS PURCHASE
5000101,4991984544,2024-03-12 03:42:42,2983.08,DR,USD,POS PURCHASE
5000102,8516543401,2024-04-30 10:22:52,3461.62,CR,USD,FEE
5000103,8516543401,2024-01-19 03:32:13,1689.47,CR,USD,FEE
5000104,3801227136,2024-05-28 12:05:19,4797.87,CR,CAD,FEE
5000105,1430445155,2024-05-11 13:12:03,3359.86,CR,USD,WIRE OUT
5000106,9897824892,2024-02-24 20:19:19,3388.49,CR,USD,ACH CREDIT
5000107,4683401705,2024-03-22 18:49:52,1176.07,DR,USD,ACH CREDIT
5000108,0917889763,2024-06-13 12:41:14,1690.18,DR,USD,POS PURCHASE
5000109,4128901075,2024-05-20 00:48:34,4711.00,DR,USD,WIRE OUT
5000110,6507597921,2024-02-09 07:07:28,4754.58,CR,CAD,ATM WITHDRAWAL
5000111,6025451738,2024-05-17 01:13:15,1776.37,DR,USD,POS PURCHASE
5000112,4490554844,2024-02-12 09:03:49,2778.77,CR,USD,POS PURCHASE
5000113,9851810843,2024-02-18 15:59:27,1105.46,CR,USD,ACH CREDIT
5000114,5660525552,2024-06-07 06:53:28,4934.69,DR,USD,ATM WITHDRAWAL
5000115,1844084840,2024-02-03 02:24:34,1488.46,DR,CAD,WIRE OUT
5000116,5057196351,2024-01-23 11:48:13,3237.85,DR,USD,ATM WITHDRAWAL
5000117,0250408513,2024-01-01 08:30:51,3033.28,DR,CAD,POS PURCHASE
5000118,3037657304,2024-01-16 04:16:37,4370.36,CR,USD,FEE
5000119,3328291682,2024-02-10 12:34:37,613.64,CR,USD,ATM WITHDRAWAL
5000120,4906754268,2024-05-31 23:03:10,702.07,DR,USD,ATM WITHDRAWAL
5000121,2076124559,2024-04-22 05:18:15,1552.05,CR,USD,WIRE OUT
5000122,4677320670,2024-03-16 12:02:33,434.97,CR,USD,ACH CREDIT
5000123,4617177192,2024-04-20 01:53:55,3584.34,CR,USD,ACH CREDIT
5000124,1512990315,2024-01-15 05:55:27,4761.49,CR,USD,POS PURCHASE
5000125,4515289535,2024-06-12 13:26:08,935.24,CR,USD,WIRE OUT
5000126,3397569858,2024-02-02 07:09:23,267.60,CR,USD,ACH CREDIT
5000127,4650209246,2024-06-05 02:07:05,4399.34,CR,USD,ACH CREDIT
5000128,8619619605,2024-01-11 04:23:42,1012.87,DR,CAD,ATM WITHDRAWAL
5000129,6780348987,2024-06-22 12:56:55,3071.69,CR,USD,POS PURCHASE
5000130,7079912870,2024-05-27 19:43:46,3324.58,DR,USD,WIRE OUT
5000131,4707251931,2024-04-02 13:47:48,3913.81,CR,CAD,WIRE OUT
5000132,4155408961,2024-04-30 03:33:29,152.49,DR,USD,POS PURCHASE
5000133,3967972767,2024-06-02 23:36:58,550.29,DR,USD,ACH CREDIT
5000134,7483878026,2024-02-17 16:21:18,4175.02,CR,USD,FEE
5000135,7933591256,2024-05-20 09:06:42,4941.92,DR,USD,FEE
5000136,3106579776,2024-04-08 03:06:39,438.17,CR,USD,FEE
5000137,9801265791,2024-04-26 10:13:49,65.39,DR,USD,POS PURCHASE
5000138,7159600751,2024-01-22 18:31:51,2178.23,CR,USD,FEE
5000139,6183865365,2024-04-30 05:39:42,193.94,CR,USD,ACH CREDIT
5000140,8816004700,2024-03-17 16:34:22,4301.90,CR,USD,ATM WITHDRAWAL
5000141,2094772856,2024-06-15 06:03:51,2160.82,CR,USD,ATM WITHDRAWAL
5000142,3045736999,2024-01-12 13:26:58,4122.08,CR,CAD,FEE
5000143,9186962278,2024-04-09 13:41:06,3183.15,CR,USD,WIRE OUT
5000144,1760567936,2024-04-17 22:57:22,2435.32,CR,USD,WIRE OUT
5000145,0144663091,2024-05-27 21:42:46,1646.66,CR,USD,WIRE OUT
5000146,1131106087,2024-01-22 15:22:30,4330.37,DR,USD,ATM WITHDRAWAL
5000147,3132915062,2024-03-03 07:56:18,3297.28,DR,USD,WIRE OUT
5000148,0612807055,2024-04-10 04:50:00,1550.46,CR,USD,FEE
5000149,5475726577,2024-02-05 14:02:07,1283.19,DR,USD,WIRE OUT
5000150,2996566514,2024-02-29 05:31:02,1145.68,DR,USD,POS PURCHASE
5000151,4617177192,2024-02-03 10:46:34,133.32,DR,USD,WIRE OUT
5000152,4646500223,2024-05-31 18:43:02,3094.41,DR,USD,ACH CREDIT
5000153,7425661807,2024-05-16 13:25:28,4035.79,DR,USD,ACH CREDIT
5000154,7159206114,2024-04-29 12:11:38,4393.65,CR,CAD,FEE
5000155,1844084840,2024-06-16 22:36:53,4695.94,CR,CAD,FEE
5000156,9083363185,2024-05-18 20:31:33,3381.34,DR,USD,POS PURCHASE
5000157,7497710480,2024-03-06 07:16:24,1388.09,DR,USD,POS PURCHASE
5000158,4264494775,2024-02-13 02:01:03,1484.55,CR,USD,ACH CREDIT
5000159,9251804087,2024-06-01 09:49:31,26.52,DR,USD,ATM WITHDRAWAL
5000160,9619036820,2024-06-08 05:50:50,52.10,CR,USD,ATM WITHDRAWAL
5000161,7525173809,2024-01-27 01:11:23,529.70,CR,USD,ACH CREDIT
5000162,0926914449,2024-01-07 21:48:31,2726.34,CR,CAD,FEE
5000163,1833605909,2024-01-03 16:05:00,1110.13,DR,USD,FEE
5000164,5744314630,2024-02-12 00:02:56,2289.06,DR,CAD,ACH CREDIT
5000165,7574951816,2024-03-09 23:33:11,4838.45,DR,USD,ACH CREDIT
5000166,8399782035,2024-06-03 22:33:08,2365.92,CR,USD,ACH CREDIT
5000167,0250408513,2024-03-23 05:02:28,344.64,CR,CAD,ATM WITHDRAWAL
5000168,4435764593,2024-02-20 01:05:00,4710.64,DR,CAD,POS PURCHASE
5000169,7956315102,2024-05-06 15:30:16,2308.33,CR,USD,WIRE OUT
5000170,9049977593,2024-03-10 15:29:42,4188.97,DR,USD,ACH CREDIT
5000171,1292553999,2024-06-16 07:07:33,2053.35,CR,USD,WIRE OUT
5000172,3249441366,2024-02-06 14:57:24,120.32,CR,USD,ATM WITHDRAWAL
5000173,3652168948,2024-02-05 15:34:13,4911.30,DR,USD,POS PURCHASE
5000174,2428793488,2024-02-01 02:49:53,2074.86,DR,USD,ACH CREDIT
5000175,7159600751,2024-01-13 19:05:02,4646.38,CR,USD,ACH CREDIT
5000176,3989867488,2024-01-02 11:10:16,8.47,DR,USD,ATM WITHDRAWAL
5000177,4098979376,2024-01-24 00:58:00,3103.02,CR,USD,WIRE OUT
5000178,1297449829,2024-05-13 11:18:15,2310.00,CR,USD,ACH CREDIT
5000179,3308345848,2024-02-28 18:53:08,3736.05,DR,USD,ACH CREDIT
5000180,8461747748,2024-05-19 18:17:25,4007.24,CR,USD,ATM WITHDRAWAL
5000181,2828297394,2024-03-19 19:04:58,3581.61,DR,USD,POS PURCHASE
5000182,0464237386,2024-05-08 07:57:13,3653.79,DR,USD,POS PURCHASE
5000183,4398228270,2024-02-22 03:30:22,1729.58,CR,USD,ATM WITHDRAWAL
5000184,4703716780,2024-03-14 19:31:23,129.06,CR,USD,ACH CREDIT
5000185,2094772856,2024-06-11 18:44:58,1271.69,DR,USD,WIRE OUT
5000186,7998231074,2024-04-30 13:26:11,1317.70,CR,USD,WIRE OUT
5000187,5647962002,2024-02-17 15:25:52,2798.36,CR,CAD,ATM WITHDRAWAL
5000188,5475726577,2024-03-04 07:24:15,2295.67,DR,USD,ACH CREDIT
5000189,7931393145,2024-04-17 15:48:51,3930.18,DR,USD,ATM WITHDRAWAL
5000190,7172623407,2024-01-16 14:08:08,2634.09,CR,USD,POS PURCHASE
5000191,3189430590,2024-04-05 16:20:55,4516.64,CR,USD,POS PURCHASE
5000192,4650363649,2024-04-11 13:24:26,425.16,CR,USD,FEE
5000193,1945096535,2024-02-22 19:49:10,4425.26,DR,USD,ACH CREDIT
5000194,9029840742,2024-04-09 16:05:21,1344.25,CR,USD,ACH CREDIT
5000195,5158260437,2024-03-16 19:34:33,2510.54,DR,USD,ATM WITHDRAWAL
5000196,3090916943,2024-05-25 06:13:25,971.79,CR,USD,FEE
5000197,0559007633,2024-06-03 21:07:38,2934.66,CR,USD,POS PURCHASE
5000198,8543113698,2024-03-16 16:55:36,1069.66,DR,USD,POS PURCHASE
5000199,6348158652,2024-02-08 01:24:34,560.67,CR,USD,FEE
5000200,7931393145,2024-06-15 15:22:18,2632.13,CR,USD,WIRE OUT
5000201,5624162161,2024-05-14 22:44:53,543.83,DR,USD,WIRE OUT
5000202,5248627536,2024-06-13 07:56:39,1239.97,CR,USD,POS PURCHASE
5000203,5475726577,2024-03-02 07:42:48,2449.68,CR,USD,WIRE OUT
5000204,1475381929,2024-02-02 17:51:54,4554.19,CR,USD,FEE
5000205,3009983860,2024-05-15 01:01:49,1593.96,DR,USD,ATM WITHDRAWAL
5000206,2950623438,2024-01-20 14:44:32,3252.11,DR,USD,WIRE OUT
5000207,8316928642,2024-03-13 03:58:52,543.28,CR,USD,ATM WITHDRAWAL
5000208,6191431722,2024-03-20 22:09:47,1024.93,DR,USD,FEE
5000209,6725310638,2024-05-16 10:15:44,181.71,CR,USD,POS PURCHASE
5000210,0011883347,2024-03-16 11:45:32,2478.07,DR,USD,WIRE OUT
5000211,4149960536,2024-05-24 05:25:01,1310.63,CR,USD,WIRE OUT
5000212,3298579609,2024-06-10 18:47:40,4832.85,CR,USD,ACH CREDIT
5000213,6361655369,2024-02-26 03:20:39,394.75,CR,USD,POS PURCHASE
5000214,5315636508,2024-02-12 22:39:58,1984.81,DR,USD,ATM WITHDRAWAL
5000215,8940963761,2024-05-21 16:20:00,4745.39,CR,CAD,WIRE OUT
5000216,3188603284,2024-02-21 19:32:18,3039.86,DR,USD,ATM WITHDRAWAL
5000217,6576168888,2024-04-29 20:26:53,2995.73,DR,USD,ATM WITHDRAWAL
5000218,6361655369,2024-03-05 07:53:05,767.30,CR,USD,POS PURCHASE
5000219,8044644069,2024-06-09 19:54:42,3931.02,DR,USD,POS PURCHASE
5000220,6669734308,2024-02-27 08:36:26,2454.78,DR,USD,WIRE OUT
5000221,5189356318,2024-02-12 01:09:00,3700.30,DR,USD,FEE
5000222,5158260437,2024-01-27 16:32:58,4657.59,CR,USD,ACH CREDIT
5000223,7936239874,2024-05-10 05:54:19,1396.27,DR,USD,FEE
5000224,5799045896,2024-06-06 07:24:47,4762.65,CR,USD,ATM WITHDRAWAL
5000225,9851980740,2024-03-02 09:46:04,160.81,DR,USD,WIRE OUT
5000226,8679334497,2024-06-05 06:25:10,2329.87,DR,USD,FEE
5000227,2002334585,2024-04-23 01:43:46,2334.94,DR,USD,POS PURCHASE
5000228,3212595592,2024-04-12 18:56:29,2893.35,DR,USD,WIRE OUT
5000229,2210804212,2024-02-18 21:30:12,3207.06,DR,USD,ACH CREDIT
5000230,4947945459,2024-01-16 17:24:47,1782.99,DR,USD,ACH CREDIT
5000231,8264805067,2024-04-13 01:37:01,3357.02,DR,USD,FEE
5000232,7244076820,2024-01-22 22:30:42,3740.89,CR,USD,POS PURCHASE
5000233,4377391594,2024-01-05 09:04:54,1393.17,CR,CAD,POS PURCHASE
5000234,8679334497,2024-04-02 16:57:50,1476.18,DR,USD,ATM WITHDRAWAL
5000235,9029840742,2024-06-02 01:45:07,3754.80,CR,USD,ACH CREDIT
5000236,3420733515,2024-02-01 23:28:36,1002.66,DR,USD,POS PURCHASE
5000237,2465431656,2024-06-07 09:42:30,942.78,DR,USD,ACH CREDIT
5000238,6191431722,2024-01-09 12:03:39,372.74,DR,USD,FEE
5000239,8264805067,2024-06-03 15:28:29,1538.12,DR,USD,ATM WITHDRAWAL
5000240,2541631011,2024-04-09 08:47:23,147.00,CR,USD,ATM WITHDRAWAL
5000241,4650363649,2024-06-02 05:24:18,2222.83,CR,USD,WIRE OUT
5000242,5624162161,2024-03-26 14:45:27,2539.06,CR,USD,FEE
5000243,6246376835,2024-06-03 22:56:22,2735.02,DR,USD,FEE
5000244,4947945459,2024-03-26 10:31:18,734.04,CR,USD,WIRE OUT
5000245,3652168948,2024-04-18 16:23:16,2865.93,DR,USD,ATM WITHDRAWAL
5000246,7046955535,2024-05-12 07:05:54,3459.50,CR,USD,ACH CREDIT
5000247,5615378062,2024-03-27 23:55:56,2509.85,CR,USD,WIRE OUT
5000248,3075305662,2024-03-11 05:55:29,4382.99,CR,CAD,WIRE OUT
5000249,1127933009,2024-03-29 22:55:27,2761.71,DR,USD,ATM WITHDRAWAL
5000250,7875759749,2024-05-09 18:58:47,4861.51,CR,USD,FEE
5000251,1191836437,2024-04-10 03:38:58,1158.02,CR,USD,ACH CREDIT
5000252,1734739453,2024-05-24 16:09:47,2009.38,CR,USD,POS PURCHASE
5000253,5880622256,2024-05-07 09:19:49,4526.45,DR,USD,POS PURCHASE
5000254,1760567936,2024-04-25 06:05:51,409.09,CR,USD,POS PURCHASE
5000255,1011576425,2024-05-14 03:14:41,3563.24,CR,USD,WIRE OUT
5000256,3989867488,2024-06-05 22:23:11,3916.41,DR,USD,ATM WITHDRAWAL
5000257,3313483244,2024-04-04 04:14:25,298.93,CR,USD,ATM WITHDRAWAL
5000258,6130451543,2024-01-11 07:41:43,2883.39,CR,USD,WIRE OUT
5000259,4493954312,2024-06-11 16:47:24,3658.16,CR,USD,ACH CREDIT
5000260,5895112235,2024-04-07 16:08:24,683.86,CR,USD,FEE
5000261,9470663801,2024-03-12 23:17:38,4821.40,DR,USD,FEE
5000262,3363822451,2024-04-09 09:30:20,740.85,CR,USD,ATM WITHDRAWAL
5000263,9468974826,2024-03-09 20:28:31,2276.86,CR,USD,FEE
5000264,3188603284,2024-01-31 08:36:44,2671.91,DR,USD,ATM WITHDRAWAL
5000265,5984055833,2024-01-28 06:36:53,46.96,DR,USD,ATM WITHDRAWAL
5000266,7884601592,2024-02-25 09:02:29,3530.94,CR,USD,FEE
5000267,1127933009,2024-02-25 01:40:32,874.42,DR,USD,WIRE OUT
5000268,1131106087,2024-01-23 02:08:36,3702.42,DR,USD,WIRE OUT
5000269,7931393145,2024-03-07 22:36:37,4866.83,CR,USD,FEE
5000270,3389292832,2024-01-24 07:44:30,1413.40,CR,USD,FEE
5000271,0744584950,2024-04-10 09:01:06,1432.06,DR,USD,ATM WITHDRAWAL
5000272,2094772856,2024-03-10 04:20:15,3082.39,DR,USD,WIRE OUT
5000273,3652168948,2024-03-27 05:03:00,735.42,CR,USD,ACH CREDIT
5000274,8461747748,2024-05-11 12:55:06,2803.65,CR,USD,ATM WITHDRAWAL
5000275,0559007633,2024-05-17 09:41:14,41.67,CR,USD,ACH CREDIT
5000276,1475381929,2024-02-19 16:27:13,4163.12,DR,USD,ATM WITHDRAWAL
5000277,9470338072,2024-06-12 20:03:07,4125.15,DR,USD,WIRE OUT
5000278,9335816034,2024-02-29 23:26:52,457.51,CR,USD,FEE
5000279,6576629420,2024-02-23 13:21:44,702.61,CR,CAD,ATM WITHDRAWAL
5000280,7244076820,2024-03-15 00:49:28,2643.03,CR,USD,WIRE OUT
5000281,0540056153,2024-04-05 13:29:09,14.41,CR,USD,ACH CREDIT
5000282,4947945459,2024-01-03 05:53:36,2047.47,DR,USD,FEE
5000283,0144663091,2024-01-14 02:33:50,4337.04,DR,USD,POS PURCHASE
5000284,9074234344,2024-04-18 18:02:10,2747.47,CR,USD,POS PURCHASE
5000285,5248627536,2024-04-25 00:29:23,3190.41,CR,USD,WIRE OUT
5000286,6576168888,2024-05-20 07:08:31,959.77,CR,USD,ATM WITHDRAWAL
5000287,3578765999,2024-05-28 02:03:11,839.31,DR,USD,POS PURCHASE
5000288,4683401705,2024-02-09 22:10:55,962.34,CR,USD,FEE
5000289,5984055833,2024-03-06 06:41:41,1839.62,DR,USD,POS PURCHASE
5000290,1114380273,2024-02-16 06:42:47,2573.09,DR,USD,WIRE OUT
5000291,0989770863,2024-01-18 19:41:05,2142.76,DR,USD,FEE
5000292,7875759749,2024-05-21 07:01:50,1662.99,DR,USD,WIRE OUT
5000293,2187433743,2024-01-12 21:13:21,4742.16,CR,USD,FEE
5000294,2574559859,2024-01-22 14:42:29,2493.35,DR,USD,WIRE OUT
5000295,3697731860,2024-03-06 11:12:48,416.57,DR,USD,ACH CREDIT
5000296,2779005854,2024-03-17 23:17:19,4725.28,DR,USD,FEE
5000297,6302412331,2024-01-14 20:16:56,1167.85,DR,USD,FEE
5000298,0966015171,2024-06-05 19:51:58,3517.53,CR,USD,FEE
5000299,2828297394,2024-02-07 22:30:34,1904.59,CR,USD,ATM WITHDRAWAL
5000300,1131106087,2024-06-03 05:12:49,1504.93,DR,USD,FEE
5000301,2848942761,2024-05-09 08:27:22,3151.55,CR,CAD,POS PURCHASE
5000302,0732109042,2024-03-16 17:12:21,4154.57,CR,USD,POS PURCHASE
5000303,6970871912,2024-04-21 01:11:40,3516.86,DR,USD,ATM WITHDRAWAL
5000304,6025451738,2024-01-21 13:01:22,927.50,CR,USD,FEE
5000305,1945096535,2024-03-02 06:45:12,56.75,DR,USD,ACH CREDIT
5000306,6376300704,2024-04-02 15:46:21,1048.71,CR,USD,POS PURCHASE
5000307,9897824892,2024-04-25 08:08:53,1102.37,DR,USD,WIRE OUT
5000308,7936239874,2024-04-22 08:18:48,1446.62,DR,USD,WIRE OUT
5000309,4139153108,2024-02-12 04:39:58,4101.80,CR,USD,FEE
5000310,4616024288,2024-02-04 15:53:19,2081.67,CR,USD,FEE
5000311,6981089128,2024-02-06 08:33:40,1801.67,DR,USD,FEE
5000312,9335816034,2024-04-09 14:15:35,2510.91,CR,USD,POS PURCHASE
5000313,6376300704,2024-01-26 18:01:52,2225.25,DR,USD,POS PURCHASE
5000314,3389292832,2024-03-31 13:43:50,2151.84,CR,USD,ACH CREDIT
5000315,4812057677,2024-01-10 05:19:19,1686.19,DR,USD,FEE
5000316,6433682030,2024-03-25 16:20:51,973.33,CR,USD,ATM WITHDRAWAL
5000317,3298579609,2024-02-15 14:35:32,1360.52,CR,USD,ATM WITHDRAWAL
5000318,3090916943,2024-05-12 10:57:05,1280.00,DR,USD,POS PURCHASE
5000319,1740086582,2024-02-28 12:01:17,3303.58,DR,USD,ATM WITHDRAWAL
5000320,4360562648,2024-05-18 16:07:48,2366.32,CR,USD,POS PURCHASE
5000321,6361655369,2024-05-07 02:44:15,2551.65,CR,USD,ATM WITHDRAWAL
5000322,8870723964,2024-02-22 00:27:57,871.63,CR,USD,ACH CREDIT
5000323,3524736498,2024-01-27 18:56:07,498.11,DR,USD,ATM WITHDRAWAL
5000324,3283495262,2024-04-05 10:54:51,3205.14,DR,USD,FEE
5000325,8017266071,2024-02-26 06:46:56,4006.78,CR,USD,POS PURCHASE
5000326,5624162161,2024-04-29 00:40:07,1321.46,CR,USD,WIRE OUT
5000327,8279161961,2024-06-22 13:30:27,2594.31,CR,USD,ACH CREDIT
5000328,4752971212,2024-03-23 20:53:19,4798.85,CR,USD,POS PURCHASE
5000329,1617933238,2024-05-02 04:23:45,1439.79,DR,CAD,ATM WITHDRAWAL
5000330,7875759749,2024-05-13 09:24:39,2371.14,CR,USD,ATM WITHDRAWAL
5000331,3308345848,2024-05-23 01:03:01,231.05,CR,USD,WIRE OUT
5000332,7958479383,2024-02-08 02:10:51,1926.46,DR,USD,ATM WITHDRAWAL
5000333,8335160642,2024-05-11 07:11:49,4860.48,DR,USD,FEE
5000334,6711691062,2024-03-14 21:12:27,802.53,CR,USD,WIRE OUT
5000335,0797846649,2024-05-25 19:03:15,3249.65,CR,USD,ATM WITHDRAWAL
5000336,1977738523,2024-01-28 20:15:14,838.82,CR,USD,ATM WITHDRAWAL
5000337,7483878026,2024-03-18 15:12:15,3380.66,CR,USD,WIRE OUT
5000338,3033724495,2024-02-24 23:02:06,1827.70,DR,USD,ATM WITHDRAWAL
5000339,5615378062,2024-04-09 02:43:42,4731.87,DR,USD,ACH CREDIT
5000340,5450094875,2024-03-27 19:25:07,4858.05,CR,CAD,FEE
5000341,5633755204,2024-03-12 02:12:35,4064.22,CR,USD,WIRE OUT
5000342,1167941966,2024-03-29 11:03:14,681.56,DR,USD,FEE
5000343,3188603284,2024-03-10 09:45:13,2908.47,CR,USD,ACH CREDIT
5000344,3328291682,2024-02-09 02:38:23,1287.48,DR,USD,WIRE OUT
5000345,3037657304,2024-06-19 23:13:58,3328.12,CR,USD,ATM WITHDRAWAL
5000346,1760567936,2024-06-22 05:33:16,2690.54,CR,USD,ATM WITHDRAWAL
5000347,5633755204,2024-04-21 03:17:27,3936.45,DR,USD,POS PURCHASE
5000348,6198884437,2024-03-11 09:59:04,792.29,CR,USD,POS PURCHASE
5000349,9465351111,2024-03-05 13:21:38,2979.13,DR,USD,ATM WITHDRAWAL
5000350,5750608486,2024-04-18 04:46:59,4648.47,CR,USD,ACH CREDIT
5000351,8516543401,2024-06-21 02:18:27,1049.26,DR,USD,ATM WITHDRAWAL
5000352,4991984544,2024-06-03 15:05:10,3866.04,CR,USD,FEE
5000353,8112014987,2024-06-18 22:38:30,4299.31,CR,USD,POS PURCHASE
5000354,5904753922,2024-01-22 10:57:15,1794.46,DR,USD,ATM WITHDRAWAL
5000355,4650209246,2024-02-05 12:16:55,2403.11,DR,USD,WIRE OUT
5000356,1597675385,2024-03-17 14:16:17,2937.91,CR,USD,POS PURCHASE
5000357,5189356318,2024-01-05 06:15:02,2343.98,DR,USD,POS PURCHASE
5000358,7502752402,2024-04-07 23:50:19,1731.13,CR,USD,ACH CREDIT
5000359,7863787321,2024-01-03 14:10:10,1631.52,DR,USD,ACH CREDIT
5000360,7527719831,2024-01-10 17:59:39,1206.93,CR,USD,WIRE OUT
5000361,0362217637,2024-03-07 02:02:14,1195.58,CR,USD,POS PURCHASE
5000362,4311423399,2024-05-26 10:46:40,2373.70,DR,USD,POS PURCHASE
5000363,5880622256,2024-04-29 11:17:26,4798.57,CR,USD,ATM WITHDRAWAL
5000364,8044644069,2024-05-17 00:20:28,3536.97,DR,USD,FEE
5000365,9092607267,2024-01-04 13:18:48,2999.29,CR,USD,ATM WITHDRAWAL
5000366,7574951816,2024-05-17 04:27:04,4427.57,CR,USD,ATM WITHDRAWAL
5000367,9029840742,2024-02-17 17:02:31,1146.29,CR,USD,POS PURCHASE
5000368,8870723964,2024-04-21 08:07:39,3401.15,CR,USD,WIRE OUT
5000369,1475381929,2024-06-07 23:52:29,2711.06,DR,USD,ATM WITHDRAWAL
5000370,4907186763,2024-03-30 02:07:48,938.16,DR,USD,ATM WITHDRAWAL
5000371,5805395076,2024-03-04 15:38:34,3254.53,DR,USD,ACH CREDIT
5000372,1512990315,2024-04-15 06:32:31,4424.96,CR,USD,ACH CREDIT
5000373,9465351111,2024-02-25 19:39:24,3429.03,DR,USD,ACH CREDIT
5000374,8897862907,2024-04-28 14:47:20,175.36,DR,USD,WIRE OUT
5000375,6130451543,2024-05-09 11:19:19,3398.72,DR,USD,ACH CREDIT
5000376,2996566514,2024-05-10 15:16:39,4907.09,DR,USD,ACH CREDIT
5000377,9186962278,2024-06-18 12:39:58,3211.00,CR,USD,WIRE OUT
5000378,9898983669,2024-04-13 00:19:58,714.51,DR,USD,ACH CREDIT
5000379,3132915062,2024-06-15 08:21:48,871.13,DR,USD,ATM WITHDRAWAL
5000380,8592973155,2024-02-02 08:25:00,3619.09,DR,USD,FEE
5000381,9029840742,2024-03-30 08:25:30,4661.88,DR,USD,ATM WITHDRAWAL
5000382,4013086029,2024-03-13 12:06:10,466.98,CR,USD,FEE
5000383,2187463883,2024-04-07 12:50:32,1699.39,DR,USD,POS PURCHASE
5000384,5189356318,2024-03-19 19:58:35,1614.20,CR,USD,ACH CREDIT
5000385,5526413990,2024-03-19 18:26:39,658.84,DR,USD,WIRE OUT
5000386,5904753922,2024-04-17 04:36:32,2645.57,CR,USD,WIRE OUT
5000387,8992357483,2024-06-16 22:39:36,515.14,DR,CAD,ATM WITHDRAWAL
5000388,5805395076,2024-01-09 01:14:47,3987.56,DR,USD,FEE
5000389,8042693705,2024-04-21 00:10:07,3770.12,DR,CAD,FEE
5000390,2387322797,2024-04-20 03:48:25,2757.41,CR,USD,WIRE OUT
5000391,5744314630,2024-04-18 03:14:22,2603.92,DR,CAD,WIRE OUT
5000392,4707251931,2024-03-05 02:49:49,1641.42,CR,CAD,WIRE OUT
5000393,5552198467,2024-04-03 15:38:35,547.75,DR,USD,ATM WITHDRAWAL
5000394,7894554018,2024-06-09 01:27:46,878.90,CR,USD,ATM WITHDRAWAL
5000395,7159206114,2024-04-21 12:07:26,382.70,CR,CAD,ATM WITHDRAWAL
5000396,6292773122,2024-04-17 09:07:49,3771.49,DR,CAD,ACH CREDIT
5000397,9413656039,2024-03-19 22:12:24,3964.24,CR,USD,ACH CREDIT
5000398,9065311323,2024-03-10 09:57:21,4511.76,DR,USD,WIRE OUT
5000399,7998231074,2024-03-18 00:48:00,3813.69,CR,USD,ATM WITHDRAWAL
5000400,9619036820,2024-05-09 01:52:49,539.09,CR,USD,ATM WITHDRAWAL
5000401,8613627329,2024-05-15 04:30:47,2816.67,CR,USD,ACH CREDIT
5000402,3389292832,2024-03-13 06:11:16,869.65,DR,USD,FEE
5000403,2465431656,2024-05-15 03:35:50,2135.72,CR,USD,POS PURCHASE
5000404,6022092804,2024-04-28 17:13:01,4700.60,DR,USD,WIRE OUT
5000405,9084424658,2024-06-21 11:11:14,4350.07,DR,USD,POS PURCHASE
5000406,6827499517,2024-05-26 02:20:42,2412.31,DR,USD,POS PURCHASE
5000407,8017266071,2024-05-14 23:04:19,4567.73,DR,USD,ACH CREDIT
5000408,8870723964,2024-05-06 14:14:43,22.94,CR,USD,WIRE OUT
5000409,7179956824,2024-03-31 10:12:49,3178.34,DR,USD,ACH CREDIT
5000410,4139153108,2024-05-31 15:35:08,1779.86,DR,USD,WIRE OUT
5000411,7836096592,2024-02-29 21:31:08,3048.57,CR,USD,ATM WITHDRAWAL
5000412,6255979002,2024-04-30 12:01:47,970.07,CR,USD,POS PURCHASE
5000413,7958643108,2024-03-24 09:43:59,3509.81,DR,USD,WIRE OUT
5000414,4668479930,2024-05-19 16:33:50,1331.79,CR,USD,ACH CREDIT
5000415,7875759749,2024-01-16 12:22:10,2283.65,CR,USD,ACH CREDIT
5000416,2839145023,2024-05-11 07:52:47,2975.73,CR,CAD,ATM WITHDRAWAL
5000417,5861815899,2024-02-19 22:31:52,965.12,DR,USD,FEE
5000418,8733604249,2024-06-14 07:43:58,1017.81,DR,USD,ATM WITHDRAWAL
5000419,7421682292,2024-04-18 09:46:08,1377.98,DR,USD,FEE
5000420,2640164527,2024-06-17 21:50:21,252.53,CR,USD,WIRE OUT
5000421,1297449829,2024-05-24 12:05:41,3679.81,DR,USD,POS PURCHASE
5000422,6361655369,2024-01-07 13:49:57,500.55,DR,USD,ATM WITHDRAWAL
5000423,3524736498,2024-06-16 22:54:27,4763.13,CR,USD,ACH CREDIT
5000424,7849937995,2024-01-27 13:20:10,3135.71,DR,USD,WIRE OUT
5000425,9810239718,2024-06-15 00:00:35,3867.88,CR,USD,FEE
5000426,3684399372,2024-01-11 11:43:59,2380.22,CR,USD,ACH CREDIT
5000427,7797625172,2024-01-25 19:34:45,2613.80,CR,USD,POS PURCHASE
5000428,3086680582,2024-03-26 11:43:41,232.76,CR,USD,ATM WITHDRAWAL
5000429,0732109042,2024-03-05 15:14:41,2332.68,CR,USD,FEE
5000430,0464237386,2024-02-16 20:02:49,1929.10,DR,USD,FEE
5000431,4671534379,2024-03-27 09:00:57,4679.59,DR,CAD,FEE
5000432,2187463883,2024-04-07 11:21:12,2381.74,DR,USD,WIRE OUT
5000433,9470338072,2024-06-01 16:52:45,3465.04,DR,USD,ACH CREDIT
5000434,6348158652,2024-06-04 12:28:19,4442.68,CR,USD,WIRE OUT
5000435,9619036820,2024-05-31 13:43:46,549.18,DR,USD,WIRE OUT
5000436,8985273479,2024-02-01 14:34:29,2843.86,CR,USD,ACH CREDIT
5000437,4351140039,2024-04-13 06:42:06,3838.76,DR,USD,ACH CREDIT
5000438,0797846649,2024-06-11 23:20:08,2746.39,DR,USD,FEE
5000439,7502752402,2024-06-05 21:53:11,1179.33,CR,USD,POS PURCHASE
5000440,3967972767,2024-01-18 21:33:14,864.45,DR,USD,POS PURCHASE
5000441,4530420828,2024-03-15 11:56:03,4477.58,DR,USD,ACH CREDIT
5000442,7172623407,2024-03-18 01:38:35,3883.20,CR,USD,POS PURCHASE
5000443,1734739453,2024-03-19 17:18:48,4777.48,CR,USD,ACH CREDIT
5000444,4098979376,2024-02-29 08:45:39,2316.72,DR,USD,FEE
5000445,4812057677,2024-01-31 14:10:49,2011.13,DR,USD,FEE
5000446,5861815899,2024-03-01 11:00:13,1230.91,CR,USD,WIRE OUT
5000447,7783802887,2024-01-01 06:11:40,4070.04,DR,USD,FEE
5000448,6246376835,2024-05-17 21:34:06,2903.61,CR,USD,WIRE OUT
5000449,3308345848,2024-05-06 07:48:54,2956.01,CR,USD,WIRE OUT
5000450,1760567936,2024-01-01 23:12:18,3587.45,CR,USD,WIRE OUT
5000451,7079912870,2024-02-07 20:11:29,3158.52,DR,USD,ACH CREDIT
5000452,2428793488,2024-06-15 01:25:31,422.87,CR,USD,ATM WITHDRAWAL
5000453,9049977593,2024-02-05 16:50:35,4676.02,DR,USD,POS PURCHASE
5000454,4398228270,2024-06-01 02:15:19,4642.48,CR,USD,POS PURCHASE
5000455,2779005854,2024-01-11 15:50:30,1879.88,DR,USD,ATM WITHDRAWAL
5000456,7525173809,2024-04-25 22:43:08,86.29,CR,USD,ACH CREDIT
5000457,7159206114,2024-02-12 04:16:31,4900.20,CR,CAD,POS PURCHASE
5000458,6981089128,2024-03-26 13:03:33,463.25,CR,USD,POS PURCHASE
5000459,6246376835,2024-04-21 19:30:16,48.67,CR,USD,FEE
5000460,7894554018,2024-01-02 06:25:37,1722.32,DR,USD,WIRE OUT
5000461,8399782035,2024-02-22 21:58:51,1270.98,CR,USD,ACH CREDIT
5000462,5633755204,2024-05-11 12:54:04,762.06,DR,USD,WIRE OUT
5000463,6183865365,2024-01-02 20:04:20,1883.04,DR,USD,FEE
5000464,1188096130,2024-01-27 19:37:48,808.89,CR,USD,ATM WITHDRAWAL
5000465,9471906960,2024-01-04 01:25:26,1264.50,CR,USD,WIRE OUT
5000466,4650209246,2024-05-09 01:30:22,2909.00,DR,USD,ACH CREDIT
5000467,6325655232,2024-01-16 07:04:53,3666.50,CR,USD,POS PURCHASE
5000468,9897824892,2024-02-04 19:52:04,2121.92,DR,USD,POS PURCHASE
5000469,8316928642,2024-05-31 06:07:41,1981.58,CR,USD,POS PURCHASE
5000470,1945096535,2024-02-10 23:18:41,24.66,DR,USD,WIRE OUT
5000471,6711691062,2024-06-01 08:12:53,3050.71,CR,USD,ATM WITHDRAWAL
5000472,6433682030,2024-03-30 02:33:13,716.76,DR,USD,FEE
5000473,1114380273,2024-06-01 22:39:47,1238.79,CR,USD,POS PURCHASE
5000474,4018367818,2024-06-08 01:37:36,3538.69,DR,USD,FEE
5000475,9083363185,2024-01-25 14:42:07,3898.14,CR,USD,ACH CREDIT
5000476,1249247119,2024-05-01 00:24:59,904.44,DR,USD,ACH CREDIT
5000477,4757075716,2024-01-12 08:38:15,2490.66,DR,USD,WIRE OUT
5000478,7531395434,2024-03-06 19:33:36,253.34,CR,USD,FEE
5000479,4683401705,2024-01-04 02:45:08,177.44,CR,USD,WIRE OUT
5000480,1094491887,2024-06-02 20:57:24,4758.61,CR,USD,POS PURCHASE
5000481,8592887578,2024-01-24 11:16:10,4379.56,DR,CAD,POS PURCHASE
5000482,4673414914,2024-05-10 14:59:32,110.19,CR,USD,ATM WITHDRAWAL
5000483,2094772856,2024-01-16 19:14:51,4899.54,CR,USD,FEE
5000484,6198884437,2024-01-17 13:20:48,1877.72,CR,USD,WIRE OUT
5000485,0685229806,2024-03-25 15:45:19,4574.62,CR,USD,ATM WITHDRAWAL
5000486,3389292832,2024-05-07 09:33:47,2224.87,CR,USD,FEE
5000487,7244076820,2024-04-15 09:03:19,3700.19,CR,USD,POS PURCHASE
5000488,2067612179,2024-03-02 14:42:30,2002.56,CR,USD,ACH CREDIT
5000489,0791904408,2024-04-22 15:00:10,1036.42,CR,USD,POS PURCHASE
5000490,2187433743,2024-05-11 23:36:34,4752.91,DR,USD,WIRE OUT
5000491,9074234344,2024-04-02 13:01:43,3441.85,DR,USD,ATM WITHDRAWAL
5000492,3283495262,2024-04-14 12:08:17,3827.15,DR,USD,ATM WITHDRAWAL
5000493,2210804212,2024-05-14 08:30:59,288.58,CR,USD,WIRE OUT
5000494,3272009832,2024-03-18 01:46:31,114.02,CR,CAD,FEE
5000495,5158260437,2024-01-30 23:35:41,2861.47,DR,USD,ATM WITHDRAWAL
5000496,5552198467,2024-02-09 00:24:35,1058.27,CR,USD,ATM WITHDRAWAL
5000497,7057314852,2024-04-28 19:48:21,2711.39,CR,USD,FEE
5000498,6130451543,2024-02-07 04:03:24,129.92,DR,USD,POS PURCHASE
5000499,9471906960,2024-02-25 04:40:43,543.34,CR,USD,ATM WITHDRAWAL
5000500,2950623438,2024-03-11 08:50:35,4958.19,DR,USD,ACH CREDIT
5000501,7367029406,2024-04-19 10:33:00,2310.61,CR,USD,WIRE OUT
5000502,3075305662,2024-02-16 16:03:52,2178.51,DR,CAD,FEE
5000503,1247361464,2024-03-30 14:45:27,1467.47,DR,CAD,ACH CREDIT
5000504,8816004700,2024-05-02 02:03:40,1155.66,CR,USD,POS PURCHASE
5000505,1760567936,2024-05-30 22:24:08,3162.14,CR,USD,WIRE OUT
5000506,5257785740,2024-01-07 15:52:15,162.36,CR,USD,FEE
5000507,3708390680,2024-04-21 11:14:17,3716.96,CR,USD,FEE
5000508,3192253981,2024-02-05 17:59:50,4500.96,CR,USD,POS PURCHASE
5000509,0685229806,2024-01-01 06:58:47,2679.90,CR,USD,POS PURCHASE
5000510,3090916943,2024-04-01 17:43:46,4936.93,DR,USD,FEE
5000511,1430445155,2024-03-02 21:32:32,3832.13,DR,USD,ATM WITHDRAWAL
5000512,1915293801,2024-05-11 02:53:26,3515.37,DR,USD,WIRE OUT
5000513,7632043007,2024-02-26 22:25:44,935.21,DR,USD,POS PURCHASE
5000514,0744584950,2024-01-25 08:36:49,1664.40,CR,USD,POS PURCHASE
5000515,2574559859,2024-02-05 06:36:06,2005.10,CR,USD,ACH CREDIT
5000516,8543113698,2024-02-09 05:50:51,2007.81,CR,USD,ACH CREDIT
5000517,7502752402,2024-05-29 05:33:43,1879.00,DR,USD,ACH CREDIT
5000518,7836096592,2024-03-02 06:11:13,1976.86,DR,USD,POS PURCHASE
5000519,1740086582,2024-06-11 19:06:27,1830.82,CR,USD,ATM WITHDRAWAL
5000520,7936239874,2024-03-24 02:00:47,3512.26,DR,USD,POS PURCHASE
5000521,6198884437,2024-05-13 14:47:44,911.53,CR,USD,FEE
5000522,6130451543,2024-03-25 14:36:05,4269.34,CR,USD,ACH CREDIT
5000523,4617177192,2024-02-02 14:58:37,2936.78,CR,USD,FEE
5000524,9534856988,2024-04-06 21:07:12,622.95,CR,USD,POS PURCHASE
5000525,5624162161,2024-01-17 02:29:54,3437.95,DR,USD,FEE
5000526,3106579776,2024-01-18 17:11:01,2827.30,CR,USD,WIRE OUT
5000527,5248627536,2024-01-31 22:23:16,2146.57,DR,USD,WIRE OUT
5000528,7046955535,2024-03-01 10:19:39,393.77,DR,USD,POS PURCHASE
5000529,2236887328,2024-01-26 18:55:16,2534.89,CR,USD,ATM WITHDRAWAL
5000530,1675357960,2024-01-23 09:22:10,798.48,CR,USD,FEE
5000531,4673414914,2024-05-05 20:18:35,450.76,DR,USD,FEE
5000532,3801227136,2024-06-03 18:35:04,1519.64,CR,CAD,POS PURCHASE
5000533,8679334497,2024-05-05 09:09:09,2901.45,DR,USD,WIRE OUT
5000534,2210804212,2024-04-27 08:03:07,2869.95,DR,USD,ACH CREDIT
5000535,5257785740,2024-02-27 17:25:13,3271.51,DR,USD,POS PURCHASE
5000536,4991984544,2024-02-24 06:04:26,57.21,CR,USD,WIRE OUT
5000537,5189356318,2024-03-05 11:05:49,1899.94,DR,USD,WIRE OUT
5000538,7894554018,2024-04-03 11:40:05,3774.01,DR,USD,POS PURCHASE
5000539,7159206114,2024-03-21 13:07:40,4604.44,DR,CAD,POS PURCHASE
5000540,4650209246,2024-01-10 23:55:08,4628.51,DR,USD,WIRE OUT
5000541,0074754238,2024-04-20 10:19:14,4590.40,DR,USD,ACH CREDIT
5000542,9494615400,2024-03-21 06:12:15,1167.78,CR,USD,ATM WITHDRAWAL
5000543,6579829116,2024-01-05 02:54:47,3431.12,DR,CAD,ACH CREDIT
5000544,4646500223,2024-03-23 23:23:30,996.86,DR,USD,ACH CREDIT
5000545,2210804212,2024-04-20 22:27:30,3058.54,CR,USD,WIRE OUT
5000546,3524736498,2024-04-08 19:49:37,3394.57,DR,USD,FEE
5000547,4435764593,2024-02-22 21:58:14,4014.78,CR,CAD,FEE
5000548,3037657304,2024-05-02 03:47:58,1674.90,CR,USD,POS PURCHASE
5000549,1475381929,2024-01-10 08:28:18,4415.13,DR,USD,POS PURCHASE
5000550,4530420828,2024-01-13 04:29:47,3783.60,CR,USD,ACH CREDIT
5000551,1953820981,2024-02-17 10:22:19,1758.43,CR,USD,ACH CREDIT
5000552,1127933009,2024-04-26 07:57:55,2721.88,CR,USD,POS PURCHASE
5000553,7020028569,2024-02-08 05:05:24,1001.22,CR,USD,WIRE OUT
5000554,4295148844,2024-01-18 02:13:03,2592.78,DR,USD,WIRE OUT
5000555,6669734308,2024-02-14 13:13:28,4283.16,DR,USD,WIRE OUT
5000556,9029840742,2024-05-12 02:23:38,3048.99,CR,USD,WIRE OUT
5000557,8613627329,2024-04-01 19:55:20,3752.11,DR,USD,POS PURCHASE
5000558,7574951816,2024-03-12 05:38:27,3462.09,CR,USD,ATM WITHDRAWAL
5000559,3090916943,2024-02-06 04:33:24,3524.83,DR,USD,WIRE OUT
5000560,3298579609,2024-05-03 03:57:15,1719.30,DR,USD,ATM WITHDRAWAL
5000561,2640164527,2024-01-09 14:55:49,34.46,CR,USD,POS PURCHASE
5000562,4377391594,2024-02-01 17:07:54,2411.65,CR,CAD,WIRE OUT
5000563,8048810439,2024-02-15 07:36:24,2177.62,DR,USD,FEE
5000564,2769379411,2024-02-04 15:37:41,4876.39,DR,USD,FEE
5000565,1127933009,2024-02-16 10:17:48,3719.25,DR,USD,ATM WITHDRAWAL
5000566,3308345848,2024-01-10 19:28:11,627.54,DR,USD,ATM WITHDRAWAL
5000567,8613627329,2024-01-14 00:21:05,1152.54,DR,USD,FEE
5000568,4855809560,2024-02-11 04:01:10,1942.73,DR,CAD,ACH CREDIT
5000569,1597675385,2024-05-18 21:51:06,122.03,DR,USD,POS PURCHASE
5000570,0638798873,2024-04-27 11:06:43,327.28,CR,USD,WIRE OUT
5000571,0010040207,2024-03-04 01:02:33,270.66,DR,USD,WIRE OUT
5000572,1677152998,2024-03-19 04:37:14,3761.89,CR,USD,ATM WITHDRAWAL
5000573,0922711000,2024-05-26 17:28:05,4060.29,DR,USD,WIRE OUT
5000574,3684399372,2024-02-28 22:05:03,3533.46,DR,USD,ACH CREDIT
5000575,8847985517,2024-01-26 11:18:35,3884.34,CR,USD,WIRE OUT
5000576,9801265791,2024-01-04 12:26:32,4735.09,DR,USD,POS PURCHASE
5000577,8312494399,2024-05-01 09:38:08,3431.30,DR,USD,WIRE OUT
5000578,5125253987,2024-02-06 06:50:06,4126.06,CR,USD,ACH CREDIT
5000579,3283495262,2024-04-19 04:39:35,1482.76,CR,USD,WIRE OUT
5000580,6361655369,2024-03-29 00:22:10,4721.11,CR,USD,WIRE OUT
5000581,7836096592,2024-01-31 04:01:41,4575.74,DR,USD,FEE
5000582,7248608583,2024-03-29 03:01:18,2324.82,CR,CAD,ACH CREDIT
5000583,1892218032,2024-05-09 16:39:54,3386.05,DR,USD,POS PURCHASE
5000584,9465351111,2024-06-06 20:48:40,2333.10,CR,USD,POS PURCHASE
5000585,1415666276,2024-01-11 00:57:26,1121.58,DR,USD,FEE
5000586,3189430590,2024-02-05 10:29:47,2875.76,CR,USD,ATM WITHDRAWAL
5000587,3684399372,2024-01-01 03:01:19,1653.38,DR,USD,ATM WITHDRAWAL
5000588,1094491887,2024-03-31 18:40:21,2131.82,DR,USD,WIRE OUT
5000589,7783802887,2024-01-21 06:47:14,1867.96,DR,USD,WIRE OUT
5000590,3249441366,2024-03-31 15:08:32,3101.49,DR,USD,POS PURCHASE
5000591,5861815899,2024-03-20 14:47:08,2827.21,DR,USD,FEE
5000592,4128901075,2024-05-11 06:16:34,3315.42,DR,USD,ATM WITHDRAWAL
5000593,4603197436,2024-01-13 21:57:03,923.53,DR,USD,WIRE OUT
5000594,0685229806,2024-01-27 05:43:06,2575.24,DR,USD,ATM WITHDRAWAL
5000595,3272009832,2024-02-28 02:59:50,3193.69,DR,CAD,ATM WITHDRAWAL
5000596,8669183332,2024-06-19 03:09:04,496.66,CR,USD,ATM WITHDRAWAL
5000597,7525173809,2024-03-18 06:44:31,4888.89,CR,USD,ACH CREDIT
5000598,7530058934,2024-02-21 08:45:06,4170.18,DR,USD,ATM WITHDRAWAL
5000599,2828297394,2024-03-08 08:06:46,614.55,DR,USD,ATM WITHDRAWAL
5000600,9335816034,2024-06-02 05:34:38,4260.16,CR,USD,ATM WITHDRAWAL
5000601,9251804087,2024-06-03 06:36:34,206.60,DR,USD,ATM WITHDRAWAL
5000602,5158260437,2024-03-30 08:03:12,2649.40,CR,USD,ACH CREDIT
5000603,0612807055,2024-03-01 19:58:39,4198.44,CR,USD,FEE
5000604,8669183332,2024-01-20 04:07:32,1274.57,DR,USD,POS PURCHASE
5000605,2236887328,2024-01-26 20:04:05,1021.20,DR,USD,ACH CREDIT
5000606,8017266071,2024-03-01 20:34:08,863.97,CR,USD,FEE
5000607,7606885447,2024-05-14 13:48:00,4173.60,CR,USD,WIRE OUT
5000608,7936239874,2024-01-28 19:15:43,1638.62,DR,USD,ACH CREDIT
5000609,9897824892,2024-02-05 07:17:55,1178.85,CR,USD,ACH CREDIT
5000610,1237234745,2024-02-11 23:00:46,4381.77,CR,USD,ACH CREDIT
5000611,3996160286,2024-04-06 08:30:01,4731.26,CR,USD,POS PURCHASE
5000612,3801227136,2024-06-19 20:13:32,3594.06,DR,CAD,FEE
5000613,7159600751,2024-04-21 19:03:39,659.57,DR,USD,ACH CREDIT
5000614,0540056153,2024-06-11 02:08:28,3903.00,DR,USD,POS PURCHASE
5000615,6288863158,2024-03-23 18:03:40,1375.85,CR,CAD,FEE
5000616,3802098818,2024-01-26 22:15:23,3329.17,CR,USD,FEE
5000617,2076124559,2024-02-19 17:47:01,3220.78,DR,USD,FEE
5000618,3090916943,2024-05-09 00:53:07,3499.67,DR,USD,WIRE OUT
5000619,4683401705,2024-03-19 04:45:29,3617.22,CR,USD,POS PURCHASE
5000620,7244076820,2024-04-07 05:19:27,2519.06,DR,USD,ACH CREDIT
5000621,1127933009,2024-02-03 22:23:43,4609.12,CR,USD,ACH CREDIT
5000622,5450094875,2024-06-04 16:55:04,4420.88,DR,CAD,ACH CREDIT
5000623,4158532304,2024-02-15 10:22:14,3321.44,CR,USD,FEE
5000624,7998231074,2024-06-01 17:07:15,556.68,DR,USD,WIRE OUT
5000625,3045736999,2024-02-16 16:50:51,747.29,CR,CAD,ATM WITHDRAWAL
5000626,1832007278,2024-03-09 05:47:43,115.39,CR,CAD,FEE
5000627,0685229806,2024-06-21 03:31:22,4920.14,DR,USD,POS PURCHASE
5000628,6292773122,2024-04-28 02:38:24,3329.97,CR,CAD,ACH CREDIT
5000629,8592887578,2024-04-17 20:01:44,2925.90,CR,CAD,WIRE OUT
5000630,8613627329,2024-06-03 08:39:45,85.67,DR,USD,FEE
5000631,1760567936,2024-01-25 16:00:42,4770.87,CR,USD,ACH CREDIT
5000632,8042693705,2024-06-12 14:32:50,2731.10,CR,CAD,WIRE OUT
5000633,9139603331,2024-02-22 02:13:08,1790.04,DR,USD,POS PURCHASE
5000634,8733604249,2024-05-10 19:21:56,3441.72,DR,USD,ACH CREDIT
5000635,7783802887,2024-02-11 22:11:32,1952.39,DR,USD,WIRE OUT
5000636,0781164693,2024-03-22 08:42:23,774.88,CR,USD,POS PURCHASE
5000637,7797625172,2024-06-12 16:10:02,1342.75,DR,USD,POS PURCHASE
5000638,8613627329,2024-01-11 04:13:50,87.98,DR,USD,ACH CREDIT
5000639,1430445155,2024-01-24 05:10:52,3512.92,CR,USD,WIRE OUT
5000640,0638798873,2024-06-14 03:06:26,1269.27,DR,USD,WIRE OUT
5000641,6874005091,2024-03-25 22:16:30,1659.58,DR,USD,ATM WITHDRAWAL
5000642,9534856988,2024-02-20 12:31:03,1983.58,DR,USD,POS PURCHASE
5000643,8733604249,2024-01-10 17:43:32,3821.72,CR,USD,FEE
5000644,3090916943,2024-01-06 13:25:24,2015.05,CR,USD,WIRE OUT
5000645,5805395076,2024-01-12 15:50:54,3612.23,CR,USD,POS PURCHASE
5000646,2465431656,2024-02-18 04:34:49,814.99,DR,USD,WIRE OUT
5000647,7244076820,2024-04-16 09:44:23,2529.26,CR,USD,ACH CREDIT
5000648,3106579776,2024-04-16 14:44:03,2376.62,CR,USD,WIRE OUT
5000649,2769379411,2024-03-24 09:34:35,424.72,DR,USD,POS PURCHASE
5000650,6325655232,2024-02-05 18:12:06,433.07,DR,USD,FEE
5000651,4675510701,2024-04-16 19:32:27,4109.38,DR,USD,FEE
5000652,4351140039,2024-04-20 23:13:10,4639.05,CR,USD,POS PURCHASE
5000653,8279161961,2024-03-20 05:57:08,2424.67,CR,USD,POS PURCHASE
5000654,3189430590,2024-05-13 22:00:04,3604.08,CR,USD,WIRE OUT
5000655,7958479383,2024-01-26 08:53:35,2112.67,CR,USD,WIRE OUT
5000656,8592973155,2024-02-11 07:09:57,878.87,CR,USD,FEE
5000657,1690730985,2024-02-03 13:22:10,2628.62,DR,USD,WIRE OUT
5000658,3524736498,2024-06-08 06:16:27,1462.51,DR,USD,POS PURCHASE
5000659,8679334497,2024-04-03 18:28:08,2220.73,DR,USD,ACH CREDIT
5000660,0797846649,2024-03-26 16:15:01,3933.80,DR,USD,POS PURCHASE
5000661,2606491833,2024-01-21 06:41:56,4587.61,DR,USD,WIRE OUT
5000662,7578124719,2024-03-25 15:39:52,1221.61,DR,USD,WIRE OUT
5000663,2791571752,2024-06-09 02:15:24,2570.39,DR,CAD,ACH CREDIT
5000664,8516543401,2024-01-15 18:36:32,3150.62,DR,USD,POS PURCHASE
5000665,6246376835,2024-05-23 19:44:48,2502.40,DR,USD,POS PURCHASE
5000666,5257785740,2024-01-23 08:00:18,3710.97,CR,USD,WIRE OUT
5000667,4650363649,2024-03-31 21:38:38,4604.60,DR,USD,ACH CREDIT
5000668,4216426489,2024-03-04 18:11:57,704.77,DR,USD,FEE
5000669,4257195826,2024-03-25 22:18:24,1062.77,CR,USD,ACH CREDIT
5000670,1475381929,2024-01-11 12:24:56,3149.29,DR,USD,FEE
5000671,8635909430,2024-03-31 04:53:12,1018.37,CR,USD,ACH CREDIT
5000672,9470338072,2024-05-07 22:56:04,2087.28,CR,USD,FEE
5000673,7425661807,2024-05-22 19:24:08,1942.82,DR,USD,ACH CREDIT
5000674,7497710480,2024-05-29 21:31:32,546.19,CR,USD,ACH CREDIT
5000675,8847985517,2024-02-05 09:00:09,4464.58,DR,USD,ATM WITHDRAWAL
5000676,3189430590,2024-03-13 17:36:34,3947.27,DR,USD,FEE
5000677,6376300704,2024-06-16 07:55:16,3771.43,DR,USD,FEE
5000678,8017266071,2024-01-05 00:27:25,3092.86,CR,USD,ACH CREDIT
5000679,3989867488,2024-02-10 07:09:57,3837.02,CR,USD,ACH CREDIT
5000680,5895112235,2024-04-04 08:03:38,3588.79,DR,USD,WIRE OUT
5000681,6827499517,2024-05-07 02:02:20,2227.57,DR,USD,POS PURCHASE
5000682,8850208658,2024-05-20 17:28:26,3876.22,CR,USD,ATM WITHDRAWAL
5000683,0464237386,2024-03-17 07:16:19,4231.20,CR,USD,ATM WITHDRAWAL
5000684,5984055833,2024-05-17 18:36:19,747.62,CR,USD,ACH CREDIT
5000685,7048170115,2024-01-29 17:44:40,4305.73,DR,USD,FEE
5000686,3989867488,2024-01-25 06:13:35,857.63,CR,USD,ACH CREDIT
5000687,3708390680,2024-04-17 19:26:38,2164.91,CR,USD,ATM WITHDRAWAL
5000688,0638798873,2024-03-20 17:45:37,1938.01,CR,USD,POS PURCHASE
5000689,3086680582,2024-02-25 09:50:20,2158.44,DR,USD,FEE
5000690,7483878026,2024-03-03 06:19:02,3085.75,CR,USD,POS PURCHASE
5000691,7934206119,2024-05-25 19:05:52,931.29,CR,CAD,FEE
5000692,6970871912,2024-03-18 18:15:55,1302.64,CR,USD,ATM WITHDRAWAL
5000693,9993521295,2024-04-25 20:53:37,4372.72,CR,CAD,WIRE OUT
5000694,4013086029,2024-04-23 06:35:51,1392.25,DR,USD,FEE
5000695,7483878026,2024-06-19 16:10:15,4056.27,DR,USD,ATM WITHDRAWAL
5000696,5615378062,2024-02-17 11:39:07,3100.39,DR,USD,ACH CREDIT
5000697,9468974826,2024-01-09 08:35:43,4980.97,CR,USD,ACH CREDIT
5000698,1833605909,2024-02-29 18:41:37,2717.13,DR,USD,ATM WITHDRAWAL
5000699,2002334585,2024-04-09 23:17:18,1197.16,CR,USD,FEE
5000700,6246376835,2024-01-01 12:13:48,4839.67,CR,USD,ACH CREDIT
5000701,1237234745,2024-04-11 01:43:20,4384.53,CR,USD,POS PURCHASE
5000702,5125253987,2024-05-19 15:29:54,2486.57,CR,USD,FEE
5000703,9851810843,2024-05-02 11:45:41,3598.08,DR,USD,POS PURCHASE
5000704,2950623438,2024-04-20 16:01:09,2092.64,DR,USD,FEE
5000705,2076124559,2024-03-28 05:53:11,1304.09,CR,USD,POS PURCHASE
5000706,9471906960,2024-04-08 20:22:49,1620.42,DR,USD,WIRE OUT
5000707,1892218032,2024-02-24 12:13:29,1048.05,DR,USD,POS PURCHASE
5000708,4956094957,2024-01-10 23:14:51,2502.95,CR,USD,FEE
5000709,8847985517,2024-06-10 09:48:27,1779.40,CR,USD,FEE
5000710,3033724495,2024-06-11 07:16:35,1368.48,CR,USD,POS PURCHASE
5000711,8387812865,2024-01-08 21:04:16,730.14,DR,CAD,POS PURCHASE
5000712,3524736498,2024-05-01 19:11:17,2916.36,DR,USD,ACH CREDIT
5000713,6711691062,2024-04-30 04:23:55,750.32,DR,USD,ATM WITHDRAWAL
5000714,4504083755,2024-03-28 01:50:52,3772.31,DR,USD,WIRE OUT
5000715,0479605873,2024-02-05 14:15:42,1936.10,CR,USD,ACH CREDIT
5000716,1292553999,2024-04-17 12:45:34,1541.03,DR,USD,ACH CREDIT
5000717,1832007278,2024-02-29 23:24:50,4789.49,CR,CAD,ATM WITHDRAWAL
5000718,4906754268,2024-01-03 01:34:28,1473.63,CR,USD,POS PURCHASE
5000719,4018367818,2024-02-15 09:08:58,2325.60,CR,USD,ACH CREDIT
5000720,7525173809,2024-02-09 18:23:32,2462.01,CR,USD,ACH CREDIT
5000721,3457907097,2024-04-03 23:35:27,3294.17,DR,USD,ACH CREDIT
5000722,0479605873,2024-03-26 22:39:32,3183.17,DR,USD,FEE
5000723,7030999086,2024-06-17 08:20:42,1584.05,CR,CAD,ATM WITHDRAWAL
5000724,4493954312,2024-02-10 11:23:34,1637.66,CR,USD,ACH CREDIT
5000725,3189430590,2024-04-13 18:16:06,4341.61,CR,USD,ACH CREDIT
5000726,4650363649,2024-06-12 04:38:50,346.95,DR,USD,ATM WITHDRAWAL
5000727,9084424658,2024-04-20 05:42:07,3564.13,DR,USD,FEE
5000728,2568761165,2024-02-26 00:11:39,2664.35,CR,USD,FEE
5000729,7483878026,2024-05-10 02:12:11,4774.41,DR,USD,ATM WITHDRAWAL
5000730,1617933238,2024-01-08 01:54:32,3857.04,CR,CAD,FEE
5000731,1273143124,2024-02-18 09:41:22,4225.30,CR,USD,ACH CREDIT
5000732,9801265791,2024-02-22 14:50:53,3859.15,DR,USD,ACH CREDIT
5000733,4257195826,2024-05-07 19:27:14,1168.34,DR,USD,ATM WITHDRAWAL
5000734,3283495262,2024-02-03 03:48:05,3138.12,DR,USD,POS PURCHASE
5000735,0685229806,2024-03-06 22:31:50,2735.35,DR,USD,WIRE OUT
5000736,9534856988,2024-03-02 11:36:49,3109.60,DR,USD,POS PURCHASE
5000737,9465351111,2024-01-26 02:41:09,3706.10,CR,USD,ATM WITHDRAWAL
5000738,9810239718,2024-04-19 12:45:01,1959.21,DR,USD,ATM WITHDRAWAL
5000739,3652168948,2024-06-06 11:17:43,1647.16,CR,USD,POS PURCHASE
5000740,6780348987,2024-06-03 15:58:32,512.57,CR,USD,WIRE OUT
5000741,2236887328,2024-05-22 13:33:38,1606.35,CR,USD,WIRE OUT
5000742,4677320670,2024-02-04 17:32:27,4545.47,DR,USD,POS PURCHASE
5000743,0989770863,2024-02-09 09:53:59,703.43,DR,USD,ACH CREDIT
5000744,0922711000,2024-02-12 12:21:25,3237.05,DR,USD,ATM WITHDRAWAL
5000745,7020028569,2024-01-14 02:58:24,2652.27,CR,USD,FEE
5000746,0685229806,2024-04-10 20:03:10,163.03,CR,USD,POS PURCHASE
5000747,4907186763,2024-06-12 08:10:23,2264.05,CR,USD,ATM WITHDRAWAL
5000748,8516543401,2024-03-26 02:15:37,1864.43,CR,USD,POS PURCHASE
5000749,1512990315,2024-06-08 10:29:48,4067.05,DR,USD,POS PURCHASE
5000750,5189356318,2024-02-23 14:46:29,1453.33,DR,USD,POS PURCHASE
5000751,6198884437,2024-04-11 14:52:05,1255.64,CR,USD,WIRE OUT
5000752,2067612179,2024-02-16 16:57:12,2664.67,CR,USD,WIRE OUT
5000753,3192253981,2024-05-17 06:39:21,1460.76,CR,USD,FEE
5000754,1894659604,2024-05-14 03:53:39,3640.15,DR,USD,ACH CREDIT
5000755,7213484319,2024-04-18 14:12:53,3979.79,DR,USD,POS PURCHASE
5000756,4752971212,2024-02-07 02:16:34,2017.46,DR,USD,ATM WITHDRAWAL
5000757,7172623407,2024-03-24 01:48:30,689.04,DR,USD,POS PURCHASE
5000758,4128901075,2024-04-25 13:42:33,3512.72,DR,USD,POS PURCHASE
5000759,6576629420,2024-04-20 08:07:32,2625.72,DR,CAD,ATM WITHDRAWAL
5000760,2839145023,2024-05-11 06:26:40,162.71,DR,CAD,POS PURCHASE
5000761,2428793488,2024-05-25 03:42:27,4594.65,CR,USD,ATM WITHDRAWAL
5000762,0776862527,2024-01-22 10:46:22,1980.24,DR,USD,WIRE OUT
5000763,9465351111,2024-03-26 12:37:51,2693.30,CR,USD,WIRE OUT
5000764,0010040207,2024-03-15 15:22:50,4691.26,CR,USD,FEE
5000765,6246376835,2024-04-13 12:05:23,498.58,CR,USD,ATM WITHDRAWAL
5000766,0935933430,2024-05-22 17:38:00,3745.70,DR,USD,POS PURCHASE
5000767,7057314852,2024-01-18 17:50:05,4683.35,CR,USD,WIRE OUT
5000768,7435043245,2024-05-31 10:03:21,409.47,DR,USD,ATM WITHDRAWAL
5000769,6302412331,2024-04-22 19:13:42,4192.15,DR,USD,ACH CREDIT
5000770,8592887578,2024-02-23 10:37:10,206.73,CR,CAD,POS PURCHASE
5000771,6198884437,2024-05-21 20:51:41,2534.42,CR,USD,POS PURCHASE
5000772,8847985517,2024-03-23 07:51:44,3068.61,DR,USD,WIRE OUT
5000773,3457907097,2024-01-26 08:19:11,2828.10,CR,USD,POS PURCHASE
5000774,8897862907,2024-02-01 23:04:47,1710.72,DR,USD,FEE
5000775,4149960536,2024-06-12 04:14:42,3961.94,CR,USD,POS PURCHASE
5000776,3045736999,2024-04-07 00:42:50,1606.20,DR,CAD,POS PURCHASE
5000777,9083363185,2024-06-06 09:01:34,1005.08,CR,USD,ATM WITHDRAWAL
5000778,9851980740,2024-02-17 18:46:19,3442.87,CR,USD,FEE
5000779,7849937995,2024-04-01 10:36:39,2033.86,DR,USD,POS PURCHASE
5000780,5315636508,2024-01-01 14:34:44,1772.27,CR,USD,POS PURCHASE
5000781,5450094875,2024-03-21 12:05:17,2609.77,CR,CAD,FEE
5000782,5984055833,2024-05-15 22:49:37,1122.26,CR,USD,ATM WITHDRAWAL
5000783,4264494775,2024-04-20 18:54:50,2792.63,CR,USD,ACH CREDIT
5000784,4515289535,2024-03-22 18:41:46,3690.51,CR,USD,ATM WITHDRAWAL
5000785,4906754268,2024-06-16 01:47:10,2087.98,DR,USD,ATM WITHDRAWAL
5000786,7956315102,2024-02-29 22:42:16,1621.39,DR,USD,ACH CREDIT
5000787,1977738523,2024-01-05 05:50:15,4586.32,CR,USD,ACH CREDIT
5000788,4646500223,2024-06-19 23:52:42,4968.53,DR,USD,ATM WITHDRAWAL
5000789,5895112235,2024-02-16 12:44:48,4495.68,DR,USD,ACH CREDIT
5000790,3684399372,2024-03-16 04:50:07,4064.13,DR,USD,ATM WITHDRAWAL
5000791,3272009832,2024-05-05 04:43:22,4642.36,DR,CAD,FEE
5000792,4757075716,2024-06-09 09:08:28,802.07,DR,USD,ATM WITHDRAWAL
5000793,4530420828,2024-03-03 01:25:26,367.22,CR,USD,ATM WITHDRAWAL
5000794,7132271699,2024-04-23 12:02:12,1245.28,DR,CAD,ATM WITHDRAWAL
5000795,1675357960,2024-03-25 15:46:40,2727.04,DR,USD,WIRE OUT
5000796,4257195826,2024-02-24 11:37:05,2184.04,DR,USD,ATM WITHDRAWAL
5000797,3272009832,2024-03-10 19:20:04,2137.54,DR,CAD,POS PURCHASE
5000798,7884601592,2024-06-07 17:38:25,3315.67,CR,USD,POS PURCHASE
5000799,0033496143,2024-01-15 07:30:33,908.73,DR,USD,POS PURCHASE
5000800,9413656039,2024-06-12 12:51:41,3756.16,CR,USD,POS PURCHASE
5000801,7550180867,2024-01-14 19:55:29,3054.09,DR,USD,ACH CREDIT
5000802,4504083755,2024-03-25 07:31:17,342.74,CR,USD,FEE
5000803,0995719109,2024-05-13 20:05:26,191.11,DR,USD,ATM WITHDRAWAL
5000804,3457907097,2024-06-15 20:55:34,4269.63,DR,USD,FEE
5000805,9810239718,2024-01-04 09:05:54,3599.00,CR,USD,ATM WITHDRAWAL
5000806,9852005730,2024-06-17 10:33:48,2482.41,DR,USD,ACH CREDIT
5000807,8264805067,2024-06-12 21:32:29,1857.22,CR,USD,WIRE OUT
5000808,1273143124,2024-05-06 14:48:14,4337.96,CR,USD,ATM WITHDRAWAL
5000809,6325655232,2024-01-16 10:01:25,1526.44,CR,USD,WIRE OUT
5000810,9465351111,2024-05-20 23:40:00,2077.73,CR,USD,WIRE OUT
5000811,3075305662,2024-01-24 12:24:00,1446.82,DR,CAD,ACH CREDIT
5000812,3034721842,2024-04-02 15:08:09,2094.81,DR,USD,ACH CREDIT
5000813,0744584950,2024-02-11 22:32:44,3202.31,DR,USD,WIRE OUT
5000814,4907186763,2024-04-24 03:16:02,597.92,DR,USD,ATM WITHDRAWAL
5000815,3684399372,2024-03-21 23:55:11,243.76,CR,USD,WIRE OUT
5000816,2541631011,2024-04-08 13:19:43,1740.02,CR,USD,ATM WITHDRAWAL
5000817,3420733515,2024-03-04 17:48:26,3099.48,CR,USD,ACH CREDIT
5000818,4013086029,2024-02-25 03:37:32,1992.27,DR,USD,ACH CREDIT
5000819,6130451543,2024-05-04 12:57:04,4561.92,CR,USD,ACH CREDIT
5000820,2388537444,2024-05-19 13:31:29,3645.30,DR,USD,ATM WITHDRAWAL
5000821,0995719109,2024-05-26 16:03:53,1763.73,DR,USD,WIRE OUT
5000822,4018367818,2024-06-06 06:40:32,1473.61,CR,USD,FEE
5000823,6191431722,2024-05-19 09:26:28,2532.39,CR,USD,FEE
5000824,6246376835,2024-05-24 06:20:58,3932.00,CR,USD,ATM WITHDRAWAL
5000825,3520277595,2024-03-11 07:58:40,3994.68,DR,USD,WIRE OUT
5000826,0479605873,2024-01-30 20:29:31,2207.12,CR,USD,FEE
5000827,3249441366,2024-02-16 18:11:53,528.87,DR,USD,FEE
5000828,5450094875,2024-05-16 08:02:34,1401.32,DR,CAD,WIRE OUT
5000829,0744584950,2024-02-12 01:51:34,4927.68,CR,USD,POS PURCHASE
5000830,8516543401,2024-06-20 10:10:18,1194.42,CR,USD,POS PURCHASE
5000831,1512990315,2024-02-16 10:56:42,3508.74,CR,USD,POS PURCHASE
5000832,5615378062,2024-02-09 19:27:22,175.16,CR,USD,ACH CREDIT
5000833,1249247119,2024-03-21 05:59:53,1189.40,DR,USD,ATM WITHDRAWAL
5000834,9465351111,2024-02-23 21:22:18,85.23,CR,USD,FEE
5000835,9251804087,2024-03-24 10:08:55,2314.83,CR,USD,POS PURCHASE
5000836,9645952379,2024-05-07 06:55:58,1609.81,CR,USD,FEE
5000837,5585743727,2024-04-25 14:10:57,2445.74,DR,USD,WIRE OUT
5000838,3283495262,2024-02-11 09:33:38,4248.50,CR,USD,FEE
5000839,7248608583,2024-04-23 22:07:25,4271.46,CR,CAD,ACH CREDIT
5000840,7172623407,2024-06-14 20:33:32,384.02,CR,USD,ATM WITHDRAWAL
5000841,3967972767,2024-03-23 12:53:13,1007.61,DR,USD,POS PURCHASE
5000842,4013086029,2024-01-01 09:09:18,2426.52,DR,USD,FEE
5000843,6255979002,2024-05-02 04:53:48,2867.33,CR,USD,ATM WITHDRAWAL
5000844,7524583890,2024-04-21 21:51:41,3998.76,DR,USD,ATM WITHDRAWAL
5000845,4690490601,2024-05-23 13:41:58,2578.62,CR,USD,ATM WITHDRAWAL
5000846,6827499517,2024-03-31 20:10:40,2856.17,CR,USD,ACH CREDIT
5000847,7046955535,2024-04-27 22:04:25,4199.15,DR,USD,WIRE OUT
5000848,3802098818,2024-01-06 21:34:54,2608.14,DR,USD,ATM WITHDRAWAL
5000849,4703716780,2024-03-11 15:33:21,3041.80,CR,USD,WIRE OUT
5000850,7505950282,2024-02-28 19:53:08,2375.39,DR,USD,POS PURCHASE
5000851,2606491833,2024-06-14 03:00:08,3315.56,DR,USD,ACH CREDIT
5000852,5342244034,2024-04-26 16:42:47,2579.38,CR,USD,ACH CREDIT
5000853,4139153108,2024-01-27 23:33:56,527.97,CR,USD,POS PURCHASE
5000854,4351140039,2024-03-10 19:58:34,4253.72,CR,USD,POS PURCHASE
5000855,6198884437,2024-06-08 21:48:21,694.95,DR,USD,ACH CREDIT
5000856,6981089128,2024-04-15 05:20:19,4605.28,DR,USD,WIRE OUT
5000857,5475726577,2024-02-02 09:29:35,4097.43,DR,USD,POS PURCHASE
5000858,3308345848,2024-01-28 10:56:07,4835.91,DR,USD,ACH CREDIT
5000859,7527719831,2024-05-11 14:21:27,1886.21,DR,USD,ATM WITHDRAWAL
5000860,7958479383,2024-02-17 12:13:45,4916.88,DR,USD,POS PURCHASE
5000861,3989867488,2024-05-08 20:04:25,2333.98,DR,USD,ACH CREDIT
5000862,6165805499,2024-06-21 01:05:21,407.27,DR,USD,POS PURCHASE
5000863,2568761165,2024-06-02 21:24:06,4151.23,DR,USD,ATM WITHDRAWAL
5000864,3989867488,2024-01-03 06:14:18,3990.15,DR,USD,POS PURCHASE
5000865,1760567936,2024-01-05 16:13:03,60.85,DR,USD,WIRE OUT
5000866,1915293801,2024-02-20 20:55:22,2994.49,DR,USD,FEE
5000867,5125253987,2024-04-09 18:22:21,1797.95,DR,USD,ACH CREDIT
5000868,3090916943,2024-03-20 10:09:12,1406.98,DR,USD,POS PURCHASE
5000869,7783802887,2024-03-10 02:37:05,4254.51,DR,USD,ATM WITHDRAWAL
5000870,3308345848,2024-02-13 07:46:17,2563.83,CR,USD,POS PURCHASE
5000871,4673414914,2024-05-02 18:23:35,3864.07,DR,USD,ACH CREDIT
5000872,4257195826,2024-06-06 17:38:24,4050.63,DR,USD,WIRE OUT
5000873,0797846649,2024-02-09 06:14:20,66.49,DR,USD,ACH CREDIT
5000874,1249247119,2024-03-10 07:36:46,942.04,CR,USD,ACH CREDIT
5000875,4435764593,2024-01-28 18:07:28,18.92,DR,CAD,ATM WITHDRAWAL
5000876,5158260437,2024-04-10 18:33:23,2878.55,DR,USD,ATM WITHDRAWAL
5000877,0797846649,2024-03-27 01:56:41,1390.15,CR,USD,ACH CREDIT
5000878,4646500223,2024-01-07 17:34:19,3491.76,CR,USD,WIRE OUT
5000879,8847985517,2024-02-13 06:44:18,1875.90,DR,USD,ATM WITHDRAWAL
5000880,1617933238,2024-02-04 20:06:38,305.61,CR,CAD,ACH CREDIT
5000881,1892218032,2024-05-05 11:00:01,2243.81,DR,USD,ATM WITHDRAWAL
5000882,4650363649,2024-04-27 12:56:04,2915.96,DR,USD,WIRE OUT
5000883,6025451738,2024-01-29 05:05:02,2961.28,CR,USD,ACH CREDIT
5000884,9092607267,2024-03-31 02:06:13,3082.27,CR,USD,ACH CREDIT
5000885,7934206119,2024-05-30 11:58:39,1817.76,CR,CAD,WIRE OUT
5000886,7497710480,2024-01-27 00:02:31,4195.91,DR,USD,ACH CREDIT
5000887,3697731860,2024-02-12 03:10:39,3009.47,CR,USD,ACH CREDIT
5000888,3652168948,2024-01-16 15:48:57,102.38,DR,USD,ATM WITHDRAWAL
5000889,7958479383,2024-03-02 03:21:22,1554.09,CR,USD,ATM WITHDRAWAL
5000890,0638798873,2024-01-05 08:24:25,257.77,CR,USD,ACH CREDIT
5000891,3520277595,2024-05-28 10:34:27,2787.91,CR,USD,WIRE OUT
5000892,2769379411,2024-02-04 01:25:09,3951.03,CR,USD,ATM WITHDRAWAL
5000893,7958643108,2024-04-27 02:43:13,4264.43,CR,USD,ATM WITHDRAWAL
5000894,2640164527,2024-05-30 01:19:34,4576.45,DR,USD,WIRE OUT
5000895,8940963761,2024-06-06 16:44:36,2295.91,CR,CAD,WIRE OUT
5000896,2996566514,2024-06-20 01:31:46,1950.99,DR,USD,WIRE OUT
5000897,3652168948,2024-02-28 21:51:35,4696.07,CR,USD,FEE
5000898,4311423399,2024-03-20 01:55:20,2738.89,CR,USD,POS PURCHASE
5000899,8543113698,2024-04-29 12:27:43,960.70,CR,USD,POS PURCHASE
5000900,7502752402,2024-06-13 16:14:51,4911.30,DR,USD,ACH CREDIT
5000901,9335816034,2024-06-06 18:39:24,4263.67,DR,USD,WIRE OUT
5000902,4295148844,2024-04-06 20:07:30,4232.64,DR,USD,ATM WITHDRAWAL
5000903,0791904408,2024-01-01 16:36:54,118.79,DR,USD,ACH CREDIT
5000904,4013086029,2024-04-29 02:38:49,1935.43,CR,USD,ATM WITHDRAWAL
5000905,4493954312,2024-03-08 09:34:03,3859.52,DR,USD,ATM WITHDRAWAL
5000906,4673414914,2024-05-15 22:04:04,1503.24,DR,USD,POS PURCHASE
5000907,3708390680,2024-01-22 14:14:14,4519.89,CR,USD,FEE
5000908,4399856887,2024-01-06 20:55:03,2899.48,CR,USD,FEE
5000909,8279161961,2024-01-17 00:33:39,557.55,DR,USD,WIRE OUT
5000910,2839145023,2024-04-22 00:08:43,201.29,DR,CAD,ACH CREDIT
5000911,2191666667,2024-01-31 08:42:30,3265.32,DR,USD,POS PURCHASE
5000912,9897824892,2024-05-20 12:01:34,4438.56,CR,USD,POS PURCHASE
5000913,4947945459,2024-02-06 11:06:21,4330.18,DR,USD,ATM WITHDRAWAL
5000914,2779005854,2024-05-18 08:03:03,4815.52,CR,USD,POS PURCHASE
5000915,8112014987,2024-05-19 18:55:14,3237.53,DR,USD,ATM WITHDRAWAL
5000916,7048170115,2024-06-18 22:31:52,3722.28,CR,USD,POS PURCHASE
5000917,4515289535,2024-04-18 12:19:34,2501.83,DR,USD,FEE
5000918,6288863158,2024-01-31 14:25:28,3592.68,CR,CAD,ACH CREDIT
5000919,0797846649,2024-01-31 09:46:00,4888.60,CR,USD,POS PURCHASE
5000920,5475726577,2024-05-27 12:05:35,2188.67,CR,USD,POS PURCHASE
5000921,0764412169,2024-06-18 20:47:15,3569.23,CR,USD,ATM WITHDRAWAL
5000922,1145308009,2024-03-01 01:17:43,4622.25,DR,USD,ATM WITHDRAWAL
5000923,7530058934,2024-02-16 14:32:19,1716.62,CR,USD,POS PURCHASE
5000924,0732109042,2024-03-27 06:46:47,986.26,CR,USD,FEE
5000925,0540056153,2024-03-12 04:30:56,4842.16,DR,USD,FEE
5000926,8044644069,2024-03-15 10:47:22,2942.73,CR,USD,ACH CREDIT
5000927,9016901422,2024-05-21 16:32:07,4250.16,DR,USD,POS PURCHASE
5000928,5475726577,2024-02-19 05:13:48,2405.27,DR,USD,ACH CREDIT
5000929,4639032807,2024-03-14 23:08:39,1707.90,CR,USD,FEE
5000930,4907186763,2024-06-22 07:57:30,1900.29,DR,USD,POS PURCHASE
5000931,5540961487,2024-03-06 05:05:48,3783.83,DR,USD,FEE
5000932,7934206119,2024-04-18 23:03:58,1842.30,CR,CAD,WIRE OUT
5000933,4063373429,2024-06-21 04:28:04,2572.06,CR,USD,ACH CREDIT
5000934,9470338072,2024-04-19 15:51:42,564.72,DR,USD,WIRE OUT
5000935,7179956824,2024-05-26 23:49:48,433.59,DR,USD,POS PURCHASE
5000936,4399856887,2024-03-28 03:27:02,91.71,DR,USD,FEE
5000937,3045736999,2024-06-05 21:02:48,1581.52,DR,CAD,WIRE OUT
5000938,1832007278,2024-01-05 12:24:06,3359.50,CR,CAD,POS PURCHASE
5000939,2568761165,2024-05-18 13:31:40,3211.03,CR,USD,FEE
5000940,8312494399,2024-01-21 21:20:39,1923.40,DR,USD,ATM WITHDRAWAL
5000941,4504083755,2024-01-26 11:52:02,4886.79,CR,USD,ATM WITHDRAWAL
5000942,6302412331,2024-01-20 23:18:02,499.99,CR,USD,FEE
5000943,3033724495,2024-01-24 14:43:49,2885.08,DR,USD,FEE
5000944,2002334585,2024-01-16 14:13:50,2519.67,CR,USD,ACH CREDIT
5000945,3708390680,2024-05-29 13:02:29,3364.76,DR,USD,ACH CREDIT
5000946,6576168888,2024-06-21 22:43:45,1247.96,DR,USD,POS PURCHASE
5000947,7550180867,2024-05-16 17:06:42,2428.13,DR,USD,ACH CREDIT
5000948,3652168948,2024-04-09 01:41:52,1172.18,CR,USD,FEE
5000949,4595205335,2024-01-22 10:02:26,217.17,DR,USD,POS PURCHASE
5000950,4690490601,2024-01-30 23:35:22,2083.10,CR,USD,POS PURCHASE
5000951,7958479383,2024-02-20 06:27:34,4524.45,DR,USD,POS PURCHASE
5000952,4530420828,2024-01-25 18:07:57,1819.34,DR,USD,ACH CREDIT
5000953,4991984544,2024-01-01 03:22:18,1644.12,DR,USD,ATM WITHDRAWAL
5000954,8387812865,2024-06-04 19:40:18,4281.75,CR,CAD,FEE
5000955,4311423399,2024-05-05 13:47:38,3677.02,CR,USD,FEE
5000956,4683401705,2024-02-01 09:42:36,1139.25,DR,USD,WIRE OUT
5000957,5450094875,2024-02-17 02:19:35,2300.50,CR,CAD,WIRE OUT
5000958,9810239718,2024-05-03 13:09:59,148.22,CR,USD,ATM WITHDRAWAL
5000959,9645952379,2024-04-28 06:15:35,1354.89,DR,USD,ATM WITHDRAWAL
5000960,0479605873,2024-05-10 06:59:24,1042.87,DR,USD,POS PURCHASE
5000961,6576629420,2024-02-02 20:58:55,4588.35,CR,CAD,ATM WITHDRAWAL
5000962,1127933009,2024-01-08 21:53:18,4978.32,DR,USD,POS PURCHASE
5000963,4063373429,2024-03-20 15:08:07,134.98,DR,USD,ATM WITHDRAWAL
5000964,4690490601,2024-02-16 23:51:13,1303.05,CR,USD,POS PURCHASE
5000965,7213484319,2024-02-14 22:54:29,3468.76,CR,USD,ATM WITHDRAWAL
5000966,4295148844,2024-04-18 06:45:37,4577.32,CR,USD,POS PURCHASE
5000967,9417783734,2024-01-23 01:56:54,4035.33,CR,USD,WIRE OUT
5000968,5257785740,2024-03-23 23:14:26,1838.37,DR,USD,ATM WITHDRAWAL
5000969,5057196351,2024-03-03 20:11:32,3802.73,CR,USD,WIRE OUT
5000970,0010040207,2024-02-18 08:44:42,528.14,CR,USD,ACH CREDIT
5000971,9092607267,2024-03-24 07:42:10,97.57,CR,USD,WIRE OUT
5000972,2094772856,2024-02-14 10:35:28,1123.75,CR,USD,POS PURCHASE
5000973,7244076820,2024-06-13 17:08:24,189.35,DR,USD,ATM WITHDRAWAL
5000974,4351140039,2024-05-23 13:55:44,2862.41,DR,USD,ACH CREDIT
5000975,4493954312,2024-05-29 18:35:05,2555.82,CR,USD,WIRE OUT
5000976,7179956824,2024-04-15 16:48:30,892.99,DR,USD,WIRE OUT
5000977,0033496143,2024-06-07 13:18:32,3284.51,CR,USD,ATM WITHDRAWAL
5000978,2236887328,2024-04-22 00:42:55,4750.43,CR,USD,ATM WITHDRAWAL
5000979,0638798873,2024-03-25 07:25:29,3375.97,DR,USD,WIRE OUT
5000980,7933591256,2024-05-01 10:30:16,2425.72,DR,USD,WIRE OUT
5000981,9471906960,2024-04-18 23:14:58,2601.65,DR,USD,WIRE OUT
5000982,6981089128,2024-06-04 06:47:31,2176.04,CR,USD,WIRE OUT
5000983,7890104631,2024-04-20 18:05:01,2492.46,DR,USD,FEE
5000984,3045736999,2024-01-07 19:59:42,1502.13,DR,CAD,ACH CREDIT
5000985,3801227136,2024-03-27 09:19:52,721.75,DR,CAD,ATM WITHDRAWAL
5000986,2640164527,2024-02-11 12:56:33,1028.15,DR,USD,ATM WITHDRAWAL
5000987,8733604249,2024-05-29 22:34:59,634.90,CR,USD,FEE
5000988,8042693705,2024-05-29 13:53:08,3186.18,DR,CAD,ATM WITHDRAWAL
5000989,9368942665,2024-04-04 10:38:45,3028.64,CR,USD,ACH CREDIT
5000990,2348111566,2024-04-07 20:59:42,2357.95,CR,CAD,FEE
5000991,9993521295,2024-05-25 16:45:40,1352.32,CR,CAD,FEE
5000992,8312494399,2024-01-12 00:52:11,4265.88,CR,USD,FEE
5000993,6302412331,2024-01-19 22:38:18,734.17,CR,USD,WIRE OUT
5000994,1011576425,2024-01-24 13:38:22,1644.17,CR,USD,POS PURCHASE
5000995,3457907097,2024-01-26 06:05:55,3220.64,CR,USD,FEE
5000996,8592973155,2024-05-05 23:06:51,402.43,CR,USD,FEE
5000997,6780348987,2024-01-18 04:37:04,485.59,CR,USD,POS PURCHASE
5000998,4650363649,2024-01-21 03:38:27,3003.11,DR,USD,FEE
5000999,2067612179,2024-02-17 03:41:34,535.77,DR,USD,POS PURCHASE
5001000,3967972767,2024-06-21 21:54:23,314.90,CR,USD,FEE
