cust_id,first_nm,last_nm,email_addr,birth_dt,tax_id,segment_cd,open_ts
100001,Zoe,Okafor,Zoe.Okafor100001@Example.com,1976-03-25,000-77-2949,R,2017-02-09 20:08:13
100002,Owen,Nguyen,Owen.Nguyen100002@Example.com,1992-06-19,000-80-4795,R,2015-10-12 08:08:21
100003,Noah,Kowalski,Noah.Kowalski100003@Example.com,1963-07-16,000-20-8910,B,2005-09-15 01:00:43
100004,Ava,Nguyen,Ava.Nguyen100004@Example.com,1941-02-15,000-50-5250,R,2018-01-08 02:03:25
100005,Ava,Nguyen,Ava.Nguyen100005@Example.com,1957-12-12,000-17-2896,R,2018-04-19 08:15:43
100006,Mia,Silva,Mia.Silva100006@Example.com,1995-05-19,000-18-9211,B,2011-06-15 04:12:42
100007,Liam,Stone,Liam.Stone100007@Example.com,1961-10-28,000-39-3377,R,2021-11-17 00:28:26
100008,Zoe,Silva,Zoe.Silva100008@Example.com,1979-08-05,000-56-4307,B,2017-01-24 18:58:28
100009,Mia,Kowalski,Mia.Kowalski100009@Example.com,1969-01-23,000-18-9457,R,2023-03-07 00:01:00
100010,Ava,Nguyen,Ava.Nguyen100010@Example.com,1959-12-18,000-39-1615,R,2008-09-29 04:33:51
100011,Mia,Stone,Mia.Stone100011@Example.com,1982-01-30,000-41-6924,R,2020-12-26 01:36:35
100012,Mia,Kowalski,Mia.Kowalski100012@Example.com,1954-05-05,000-66-3653,R,2023-01-27 22:48:04
100013,Zoe,Okafor,Zoe.Okafor100013@Example.com,1955-09-20,000-91-5166,B,2014-06-06 20:40:26
100014,Noah,Okafor,Noah.Okafor100014@Example.com,1956-08-08,000-59-7289,R,2006-11-05 10:53:26
100015,Noah,Patel,Noah.Patel100015@Example.com,1981-05-27,000-56-6589,R,2011-02-25 08:18:07
100016,Ava,Stone,Ava.Stone100016@Example.com,1955-01-22,000-45-7266,R,2016-07-23 09:13:23
100017,Liam,Kowalski,Liam.Kowalski100017@Example.com,1991-07-20,000-56-9084,R,2007-08-24 20:50:36
100018,Ava,Silva,Ava.Silva100018@Example.com,1942-09-03,000-59-9464,R,2015-10-07 07:44:15
100019,Owen,Nguyen,Owen.Nguyen100019@Example.com,1977-08-02,000-45-9597,R,2018-10-20 18:32:12
100020,Ava,Silva,Ava.Silva100020@Example.com,1978-05-29,000-34-2451,R,2007-09-10 16:03:15
100021,Ethan,Haddad,Ethan.Haddad100021@Example.com,1966-08-10,000-97-8472,B,2010-04-25 02:29:10
100022,Mia,Patel,Mia.Patel100022@Example.com,1993-01-20,000-48-7721,R,2021-02-17 17:40:35
100023,Emma,Okafor,Emma.Okafor100023@Example.com,1982-12-02,000-95-4572,B,2018-07-27 08:10:14
100024,Zoe,Patel,Zoe.Patel100024@Example.com,1995-06-07,000-60-5751,B,2020-10-04 19:23:04
100025,Ava,Stone,Ava.Stone100025@Example.com,1940-01-06,000-32-7122,R,2018-07-16 16:44:56
100026,Noah,Okafor,Noah.Okafor100026@Example.com,1988-12-11,000-70-1069,R,2011-07-26 21:03:03
100027,Mia,Patel,Mia.Patel100027@Example.com,1995-06-18,000-58-5343,R,2008-11-06 14:06:22
100028,Lucas,Stone,Lucas.Stone100028@Example.com,1994-06-07,000-96-3881,B,2014-03-05 08:30:35
100029,Lucas,Silva,Lucas.Silva100029@Example.com,1951-12-14,000-23-9751,R,2009-12-14 10:48:27
100030,Ava,Patel,Ava.Patel100030@Example.com,2002-02-04,000-26-1608,B,2006-08-22 21:21:32
100031,Ivy,Kowalski,Ivy.Kowalski100031@Example.com,1989-01-01,000-25-6569,B,2018-05-27 13:05:30
100032,Ivy,Kowalski,Ivy.Kowalski100032@Example.com,1990-07-16,000-90-8833,R,2016-04-08 08:48:43
100033,Owen,Patel,Owen.Patel100033@Example.com,1989-07-01,000-28-4954,B,2019-01-05 19:38:14
100034,Ivy,Kowalski,Ivy.Kowalski100034@Example.com,1978-03-31,000-37-9936,R,2016-06-25 10:06:44
100035,Ethan,Rivera,Ethan.Rivera100035@Example.com,1950-10-14,000-97-7136,B,2007-10-09 23:47:58
100036,Lucas,Rivera,Lucas.Rivera100036@Example.com,1951-08-03,000-67-2885,R,2017-08-21 12:55:18
100037,Emma,Okafor,Emma.Okafor100037@Example.com,1953-10-05,000-15-2654,R,2014-08-27 00:30:37
100038,Lucas,Okafor,Lucas.Okafor100038@Example.com,1954-08-02,000-11-2797,R,2010-11-30 08:12:22
100039,Zoe,Haddad,Zoe.Haddad100039@Example.com,1987-12-11,000-86-4861,R,2009-03-30 20:40:58
100040,Lucas,Patel,Lucas.Patel100040@Example.com,1970-02-13,000-50-9843,R,2008-08-17 02:15:05
100041,Ivy,Patel,Ivy.Patel100041@Example.com,1976-12-18,000-76-8122,R,2023-05-26 15:09:50
100042,Zoe,Silva,Zoe.Silva100042@Example.com,1971-08-29,000-19-7486,B,2020-02-24 10:36:15
100043,Liam,Haddad,Liam.Haddad100043@Example.com,1994-10-18,000-32-1396,R,2014-10-07 07:43:38
100044,Noah,Kowalski,Noah.Kowalski100044@Example.com,1972-02-08,000-91-7122,B,2018-07-12 16:40:11
100045,Noah,Nguyen,Noah.Nguyen100045@Example.com,1994-12-16,000-43-9543,R,2015-06-23 12:54:26
100046,Ivy,Kowalski,Ivy.Kowalski100046@Example.com,1949-09-06,000-27-2589,B,2020-09-25 12:53:45
100047,Ethan,Stone,Ethan.Stone100047@Example.com,1960-10-12,000-77-8508,R,2008-10-25 12:41:25
100048,Noah,Patel,Noah.Patel100048@Example.com,1947-01-08,000-58-1923,R,2023-06-14 06:48:39
100049,Ivy,Silva,Ivy.Silva100049@Example.com,2002-01-07,000-39-9169,R,2020-02-03 05:35:12
100050,Lucas,Okafor,Lucas.Okafor100050@Example.com,1963-10-07,000-25-1720,R,2020-02-25 05:14:29
100051,Lucas,Stone,Lucas.Stone100051@Example.com,1966-04-09,000-86-5458,R,2021-04-01 20:36:06
100052,Ava,Stone,Ava.Stone100052@Example.com,1969-12-12,000-41-8758,R,2014-05-14 01:27:02
100053,Liam,Patel,Liam.Patel100053@Example.com,1958-04-17,000-95-3855,R,2016-05-11 12:42:02
100054,Liam,Stone,Liam.Stone100054@Example.com,1945-12-20,000-40-3710,R,2021-12-09 13:28:28
100055,Owen,Okafor,Owen.Okafor100055@Example.com,1943-12-01,000-20-7544,R,2019-06-23 17:22:20
100056,Ava,Silva,Ava.Silva100056@Example.com,1988-05-03,000-15-5696,R,2017-04-29 23:52:06
100057,Lucas,Haddad,Lucas.Haddad100057@Example.com,1942-06-04,000-29-6061,R,2014-02-12 09:03:07
100058,Noah,Stone,Noah.Stone100058@Example.com,1959-02-19,000-98-3468,B,2016-10-27 12:19:27
100059,Zoe,Okafor,Zoe.Okafor100059@Example.com,2000-07-10,000-53-8919,B,2022-08-29 13:00:18
100060,Zoe,Nguyen,Zoe.Nguyen100060@Example.com,1941-04-16,000-62-4620,R,2008-02-15 22:23:58
100061,Owen,Silva,Owen.Silva100061@Example.com,1980-10-26,000-31-4705,R,2008-01-04 23:13:53
100062,Emma,Rivera,Emma.Rivera100062@Example.com,1958-01-12,000-80-4200,R,2023-07-27 22:52:47
100063,Lucas,Haddad,Lucas.Haddad100063@Example.com,1958-12-12,000-86-9027,R,2008-03-28 08:26:16
100064,Ivy,Nguyen,Ivy.Nguyen100064@Example.com,1995-04-11,000-38-6538,R,2011-02-15 11:44:08
100065,Owen,Rivera,Owen.Rivera100065@Example.com,1995-03-30,000-54-1161,R,2005-08-12 16:58:32
100066,Mia,Rivera,Mia.Rivera100066@Example.com,1968-03-09,000-42-4559,B,2017-11-17 09:10:24
100067,Mia,Nguyen,Mia.Nguyen100067@Example.com,1991-04-24,000-27-2671,R,2013-08-27 06:59:44
100068,Noah,Nguyen,Noah.Nguyen100068@Example.com,1942-10-22,000-73-1158,R,2009-07-17 10:12:19
100069,Ivy,Patel,Ivy.Patel100069@Example.com,1967-03-05,000-17-8420,R,2023-06-28 11:55:30
100070,Owen,Kowalski,Owen.Kowalski100070@Example.com,1982-04-13,000-71-9627,R,2005-11-07 12:51:00
100071,Liam,Patel,Liam.Patel100071@Example.com,1941-05-05,000-12-9659,R,2011-05-22 01:52:22
100072,Lucas,Okafor,Lucas.Okafor100072@Example.com,1963-07-23,000-25-9107,R,2006-07-10 15:40:35
100073,Noah,Silva,Noah.Silva100073@Example.com,1972-02-18,000-59-5894,R,2013-01-28 13:42:26
100074,Ivy,Nguyen,Ivy.Nguyen100074@Example.com,1963-10-09,000-25-4414,R,2020-06-11 18:29:45
100075,Ethan,Rivera,Ethan.Rivera100075@Example.com,1992-05-19,000-29-1539,R,2016-07-21 03:15:46
100076,Liam,Stone,Liam.Stone100076@Example.com,1980-06-05,000-80-8338,B,2019-11-27 00:58:50
100077,Ivy,Stone,Ivy.Stone100077@Example.com,1951-02-19,000-52-2852,R,2021-08-01 03:51:43
100078,Liam,Patel,Liam.Patel100078@Example.com,1957-08-23,000-10-3664,R,2014-03-17 10:14:31
100079,Ava,Kowalski,Ava.Kowalski100079@Example.com,1950-08-22,000-72-4715,R,2014-08-10 11:59:37
100080,Owen,Stone,Owen.Stone100080@Example.com,1979-10-08,000-13-7932,R,2007-11-04 11:12:49
100081,Ethan,Haddad,Ethan.Haddad100081@Example.com,1973-06-15,000-25-2246,R,2014-02-26 15:07:13
100082,Emma,Okafor,Emma.Okafor100082@Example.com,1974-08-13,000-66-5921,B,2022-11-24 16:13:02
100083,Zoe,Nguyen,Zoe.Nguyen100083@Example.com,1947-07-28,000-37-6639,R,2006-06-29 07:43:35
100084,Owen,Okafor,Owen.Okafor100084@Example.com,1957-03-28,000-85-6378,R,2013-04-29 22:37:19
100085,Liam,Silva,Liam.Silva100085@Example.com,1980-01-03,000-21-1351,R,2009-02-21 18:14:39
100086,Ivy,Okafor,Ivy.Okafor100086@Example.com,1990-02-13,000-89-8672,R,2009-07-04 00:34:22
100087,Ivy,Haddad,Ivy.Haddad100087@Example.com,1983-03-20,000-33-3967,R,2016-01-26 21:08:26
100088,Liam,Stone,Liam.Stone100088@Example.com,1958-02-08,000-86-5301,B,2011-06-28 01:58:06
100089,Owen,Kowalski,Owen.Kowalski100089@Example.com,1996-07-30,000-45-4944,B,2014-08-02 03:25:55
100090,Noah,Nguyen,Noah.Nguyen100090@Example.com,1995-06-28,000-73-3082,B,2023-01-21 17:33:03
100091,Ivy,Okafor,Ivy.Okafor100091@Example.com,1998-08-30,000-14-3756,R,2014-02-27 13:53:29
100092,Mia,Stone,Mia.Stone100092@Example.com,1963-05-07,000-13-7004,R,2014-07-28 16:38:13
100093,Lucas,Rivera,Lucas.Rivera100093@Example.com,1958-08-02,000-80-5337,R,2018-07-23 14:10:31
100094,Zoe,Silva,Zoe.Silva100094@Example.com,1973-10-22,000-18-8764,R,2006-11-09 18:56:52
100095,Emma,Rivera,Emma.Rivera100095@Example.com,1974-01-12,000-23-3521,R,2014-10-09 16:46:58
100096,Lucas,Silva,Lucas.Silva100096@Example.com,1941-11-12,000-50-4663,R,2023-10-07 03:21:39
100097,Liam,Silva,Liam.Silva100097@Example.com,1971-12-05,000-14-5888,R,2012-11-20 18:42:28
100098,Ava,Silva,Ava.Silva100098@Example.com,1978-11-13,000-37-5373,R,2011-04-27 14:55:29
100099,Ethan,Silva,Ethan.Silva100099@Example.com,1982-07-06,000-31-2346,R,2005-06-19 13:18:45
100100,Ivy,Stone,Ivy.Stone100100@Example.com,1963-01-18,000-96-3726,R,2005-08-05 08:49:13
100101,Liam,Silva,Liam.Silva100101@Example.com,1964-03-23,000-93-9927,R,2021-06-07 12:01:51
100102,Ivy,Nguyen,Ivy.Nguyen100102@Example.com,1994-05-18,000-73-3760,R,2020-04-26 14:33:29
100103,Liam,Patel,Liam.Patel100103@Example.com,1982-01-12,000-62-7126,R,2008-07-23 12:15:17
100104,Noah,Okafor,Noah.Okafor100104@Example.com,1984-04-03,000-45-9059,R,2013-05-07 20:00:58
100105,Noah,Stone,Noah.Stone100105@Example.com,1979-01-28,000-91-4099,R,2006-10-03 08:49:12
100106,Lucas,Kowalski,Lucas.Kowalski100106@Example.com,1959-08-19,000-83-6063,R,2013-02-17 00:04:31
100107,Noah,Haddad,Noah.Haddad100107@Example.com,1959-03-03,000-54-9806,B,2014-12-17 12:32:52
100108,Owen,Kowalski,Owen.Kowalski100108@Example.com,1946-12-02,000-26-8173,R,2023-07-14 17:22:14
100109,Ethan,Stone,Ethan.Stone100109@Example.com,1949-04-05,000-37-1225,B,2012-06-08 17:37:38
100110,Owen,Nguyen,Owen.Nguyen100110@Example.com,1974-03-04,000-68-2765,R,2005-04-14 17:00:10
100111,Zoe,Kowalski,Zoe.Kowalski100111@Example.com,1975-10-25,000-59-5122,R,2021-02-01 08:16:21
100112,Mia,Okafor,Mia.Okafor100112@Example.com,1997-08-17,000-57-4433,R,2022-01-03 12:28:43
100113,Ethan,Kowalski,Ethan.Kowalski100113@Example.com,1956-06-06,000-71-1302,R,2020-02-21 03:26:58
100114,Owen,Kowalski,Owen.Kowalski100114@Example.com,1970-06-18,000-16-7826,R,2017-03-09 12:11:00
100115,Owen,Rivera,Owen.Rivera100115@Example.com,1984-09-23,000-39-6956,R,2019-01-24 19:40:34
100116,Ava,Okafor,Ava.Okafor100116@Example.com,1966-06-23,000-55-5799,R,2022-11-11 00:20:59
100117,Liam,Nguyen,Liam.Nguyen100117@Example.com,1969-09-06,000-44-5509,R,2014-12-10 21:35:10
100118,Liam,Rivera,Liam.Rivera100118@Example.com,1971-07-22,000-40-4612,R,2018-07-04 07:45:29
100119,Mia,Stone,Mia.Stone100119@Example.com,1963-06-10,000-34-7727,R,2014-06-20 00:14:33
100120,Zoe,Silva,Zoe.Silva100120@Example.com,1952-06-04,000-36-9648,R,2011-03-02 10:47:11
100121,Owen,Rivera,Owen.Rivera100121@Example.com,1985-03-29,000-67-2287,R,2012-01-01 12:48:17
100122,Ivy,Silva,Ivy.Silva100122@Example.com,1951-08-27,000-65-4465,B,2015-11-15 23:29:38
100123,Ivy,Silva,Ivy.Silva100123@Example.com,1963-10-25,000-47-1517,R,2020-05-02 07:51:34
100124,Owen,Okafor,Owen.Okafor100124@Example.com,1984-10-24,000-59-5140,R,2020-01-19 20:37:13
100125,Ethan,Silva,Ethan.Silva100125@Example.com,1983-08-04,000-94-6582,R,2013-01-15 07:21:19
100126,Liam,Kowalski,Liam.Kowalski100126@Example.com,1980-01-21,000-96-1183,R,2015-09-21 15:20:34
100127,Lucas,Silva,Lucas.Silva100127@Example.com,1984-05-01,000-39-6251,R,2022-01-28 21:10:36
100128,Owen,Stone,Owen.Stone100128@Example.com,1950-03-21,000-91-8178,B,2018-09-09 09:13:04
100129,Ethan,Nguyen,Ethan.Nguyen100129@Example.com,1972-02-01,000-30-1242,R,2007-11-07 06:05:28
100130,Ivy,Okafor,Ivy.Okafor100130@Example.com,1973-02-05,000-44-1361,R,2014-06-17 12:15:45
100131,Lucas,Rivera,Lucas.Rivera100131@Example.com,1961-11-25,000-60-7721,R,2019-05-06 18:10:25
100132,Ivy,Patel,Ivy.Patel100132@Example.com,1975-07-05,000-70-9603,R,2013-11-15 16:29:53
100133,Ethan,Rivera,Ethan.Rivera100133@Example.com,1945-01-22,000-78-1025,R,2019-01-20 08:34:32
100134,Mia,Haddad,Mia.Haddad100134@Example.com,1967-12-21,000-81-3815,R,2012-06-10 19:56:45
100135,Ava,Rivera,Ava.Rivera100135@Example.com,1980-02-07,000-36-3017,R,2013-09-21 05:28:13
100136,Liam,Rivera,Liam.Rivera100136@Example.com,1945-04-12,000-97-9170,R,2021-08-02 06:27:38
100137,Owen,Silva,Owen.Silva100137@Example.com,1986-10-08,000-43-4971,R,2020-07-29 16:28:32
100138,Ava,Stone,Ava.Stone100138@Example.com,1991-09-08,000-71-3053,B,2010-07-17 16:03:16
100139,Ethan,Rivera,Ethan.Rivera100139@Example.com,1986-01-25,000-27-9132,B,2013-04-17 07:34:10
100140,Mia,Patel,Mia.Patel100140@Example.com,1985-09-10,000-73-9101,R,2014-11-15 18:35:00
100141,Liam,Patel,Liam.Patel100141@Example.com,1943-09-26,000-31-5604,R,2023-05-31 04:37:36
100142,Ava,Haddad,Ava.Haddad100142@Example.com,1979-09-24,000-77-8105,B,2017-01-29 04:49:53
100143,Noah,Stone,Noah.Stone100143@Example.com,1961-10-05,000-88-9207,R,2015-11-25 00:45:55
100144,Zoe,Nguyen,Zoe.Nguyen100144@Example.com,1970-07-02,000-15-7881,R,2021-01-26 12:13:18
100145,Liam,Okafor,Liam.Okafor100145@Example.com,1971-05-07,000-56-3268,R,2017-08-23 10:28:07
100146,Lucas,Okafor,Lucas.Okafor100146@Example.com,1942-05-10,000-85-7213,R,2012-01-10 08:12:31
100147,Owen,Kowalski,Owen.Kowalski100147@Example.com,1945-06-27,000-88-4541,R,2015-06-24 07:51:50
100148,Ivy,Kowalski,Ivy.Kowalski100148@Example.com,1978-03-28,000-59-2964,R,2022-02-15 06:18:18
100149,Mia,Silva,Mia.Silva100149@Example.com,1973-05-17,000-95-1996,B,2019-08-31 07:32:07
100150,Ava,Silva,Ava.Silva100150@Example.com,1986-04-05,000-60-3635,R,2021-05-06 07:34:36
100151,Lucas,Patel,Lucas.Patel100151@Example.com,1945-05-22,000-19-7818,R,2017-05-19 22:27:51
100152,Emma,Haddad,Emma.Haddad100152@Example.com,1955-02-24,000-49-2020,R,2010-07-30 09:41:49
100153,Ava,Rivera,Ava.Rivera100153@Example.com,1955-10-20,000-16-4455,R,2020-03-10 17:29:11
100154,Ava,Stone,Ava.Stone100154@Example.com,1949-01-26,000-23-3995,R,2005-03-29 06:34:22
100155,Liam,Rivera,Liam.Rivera100155@Example.com,1946-10-06,000-38-5016,R,2018-02-07 01:39:15
100156,Owen,Silva,Owen.Silva100156@Example.com,1954-07-09,000-21-1762,R,2019-08-18 12:41:55
100157,Ava,Nguyen,Ava.Nguyen100157@Example.com,2000-01-09,000-47-7960,R,2011-02-01 15:35:31
100158,Ethan,Nguyen,Ethan.Nguyen100158@Example.com,1942-04-28,000-20-5346,R,2021-07-01 19:47:46
100159,Zoe,Kowalski,Zoe.Kowalski100159@Example.com,1976-01-10,000-59-4131,B,2021-09-11 02:20:19
100160,Ivy,Kowalski,Ivy.Kowalski100160@Example.com,1964-09-23,000-54-8139,R,2007-10-20 10:40:51
100161,Liam,Silva,Liam.Silva100161@Example.com,1982-06-01,000-45-9625,R,2011-02-15 05:12:50
100162,Zoe,Rivera,Zoe.Rivera100162@Example.com,2001-01-06,000-20-5452,B,2007-01-30 21:20:14
100163,Lucas,Stone,Lucas.Stone100163@Example.com,1962-09-29,000-90-1793,R,2008-06-28 01:32:11
100164,Emma,Haddad,Emma.Haddad100164@Example.com,1949-09-18,000-39-5334,R,2014-11-27 19:19:43
100165,Ava,Silva,Ava.Silva100165@Example.com,1965-05-22,000-74-6891,B,2016-07-15 06:12:53
100166,Zoe,Rivera,Zoe.Rivera100166@Example.com,1998-05-28,000-71-6297,R,2008-03-22 03:49:20
100167,Ivy,Stone,Ivy.Stone100167@Example.com,1995-02-02,000-55-5783,R,2009-02-20 19:00:42
100168,Owen,Stone,Owen.Stone100168@Example.com,1940-07-08,000-32-7088,R,2019-03-11 11:20:20
100169,Mia,Rivera,Mia.Rivera100169@Example.com,1948-06-19,000-32-2981,R,2013-01-04 17:37:03
100170,Owen,Patel,Owen.Patel100170@Example.com,2002-09-02,000-62-2035,R,2019-06-11 08:55:51
100171,Ethan,Stone,Ethan.Stone100171@Example.com,1945-08-28,000-86-4989,R,2014-02-03 19:37:18
100172,Lucas,Patel,Lucas.Patel100172@Example.com,2001-12-23,000-79-4037,R,2023-03-21 00:00:44
100173,Lucas,Silva,Lucas.Silva100173@Example.com,1956-10-22,000-28-7050,R,2007-03-19 22:42:47
100174,Owen,Okafor,Owen.Okafor100174@Example.com,1953-12-26,000-85-4580,R,2011-04-05 12:57:17
100175,Ivy,Okafor,Ivy.Okafor100175@Example.com,1961-02-08,000-15-7841,B,2022-06-10 03:12:41
100176,Emma,Patel,Emma.Patel100176@Example.com,1985-04-16,000-94-6488,R,2011-12-30 11:39:50
100177,Ethan,Nguyen,Ethan.Nguyen100177@Example.com,1974-10-02,000-24-7449,B,2011-04-12 07:27:05
100178,Ivy,Okafor,Ivy.Okafor100178@Example.com,1945-10-18,000-40-5437,R,2009-10-05 15:22:21
100179,Ethan,Nguyen,Ethan.Nguyen100179@Example.com,1977-07-06,000-21-9621,R,2016-08-01 20:34:32
100180,Ethan,Silva,Ethan.Silva100180@Example.com,1953-10-13,000-17-1441,R,2007-09-07 01:55:13
100181,Lucas,Kowalski,Lucas.Kowalski100181@Example.com,1976-12-10,000-57-1935,R,2019-09-10 05:37:42
100182,Liam,Haddad,Liam.Haddad100182@Example.com,1949-06-15,000-21-8344,R,2009-02-21 14:39:57
100183,Ivy,Nguyen,Ivy.Nguyen100183@Example.com,1991-01-29,000-90-3077,R,2009-11-11 05:51:26
100184,Mia,Patel,Mia.Patel100184@Example.com,1991-04-22,000-47-1977,B,2010-06-20 22:02:56
100185,Ethan,Okafor,Ethan.Okafor100185@Example.com,1989-09-13,000-31-3292,B,2022-03-16 03:17:33
100186,Mia,Silva,Mia.Silva100186@Example.com,1974-12-20,000-80-1086,B,2015-01-07 21:37:10
100187,Emma,Rivera,Emma.Rivera100187@Example.com,1969-05-13,000-95-7804,R,2010-10-13 19:15:32
100188,Owen,Haddad,Owen.Haddad100188@Example.com,1940-04-25,000-55-9657,R,2006-05-06 06:00:19
100189,Ava,Patel,Ava.Patel100189@Example.com,1964-01-23,000-61-4210,R,2010-10-06 14:54:17
100190,Mia,Kowalski,Mia.Kowalski100190@Example.com,1975-10-10,000-98-3587,R,2006-12-06 05:03:13
100191,Ivy,Nguyen,Ivy.Nguyen100191@Example.com,1946-07-28,000-38-6759,R,2019-02-17 18:11:34
100192,Lucas,Patel,Lucas.Patel100192@Example.com,1940-05-20,000-27-4087,R,2009-12-10 11:25:59
100193,Noah,Stone,Noah.Stone100193@Example.com,1989-08-29,000-39-9802,B,2016-08-31 23:36:18
100194,Lucas,Silva,Lucas.Silva100194@Example.com,1965-06-25,000-62-8476,R,2008-12-28 20:30:40
100195,Mia,Stone,Mia.Stone100195@Example.com,1944-07-17,000-75-8933,R,2013-01-12 23:49:40
100196,Emma,Stone,Emma.Stone100196@Example.com,1963-08-15,000-26-4267,R,2022-03-18 01:37:58
100197,Noah,Silva,Noah.Silva100197@Example.com,1973-03-15,000-48-8262,R,2005-07-21 07:44:12
100198,Ethan,Patel,Ethan.Patel100198@Example.com,1985-04-02,000-49-7216,R,2022-02-09 17:07:53
100199,Lucas,Silva,Lucas.Silva100199@Example.com,1954-10-01,000-94-3971,R,2006-08-04 18:29:25
100200,Noah,Silva,Noah.Silva100200@Example.com,1990-01-13,000-49-4384,B,2019-04-06 10:39:23
100201,Ethan,Silva,Ethan.Silva100201@Example.com,1958-04-01,000-43-3303,R,2008-04-19 17:48:28
100202,Zoe,Stone,Zoe.Stone100202@Example.com,1980-09-04,000-81-3971,R,2014-05-17 07:47:00
100203,Noah,Patel,Noah.Patel100203@Example.com,1995-02-01,000-48-9047,R,2013-05-05 00:08:41
100204,Ava,Silva,Ava.Silva100204@Example.com,1990-08-12,000-12-5134,R,2020-12-04 03:09:18
100205,Ivy,Haddad,Ivy.Haddad100205@Example.com,1996-05-24,000-65-2374,R,2005-01-10 20:43:08
100206,Owen,Kowalski,Owen.Kowalski100206@Example.com,1962-10-28,000-18-6531,R,2009-07-04 20:39:57
100207,Lucas,Kowalski,Lucas.Kowalski100207@Example.com,1986-10-31,000-95-1585,R,2022-10-12 13:34:22
100208,Emma,Stone,Emma.Stone100208@Example.com,1995-09-30,000-58-2639,R,2015-06-10 01:28:17
100209,Ava,Kowalski,Ava.Kowalski100209@Example.com,1960-08-14,000-43-1240,B,2007-01-31 00:49:26
100210,Noah,Haddad,Noah.Haddad100210@Example.com,1973-11-21,000-80-4992,B,2013-04-29 11:26:58
100211,Zoe,Okafor,Zoe.Okafor100211@Example.com,1942-03-30,000-92-7183,B,2021-03-25 17:38:25
100212,Noah,Okafor,Noah.Okafor100212@Example.com,1949-09-06,000-26-4317,R,2014-05-16 07:30:55
100213,Ivy,Rivera,Ivy.Rivera100213@Example.com,1941-05-22,000-39-4789,R,2012-04-02 21:24:50
100214,Emma,Patel,Emma.Patel100214@Example.com,1994-02-16,000-29-7115,R,2012-06-24 07:34:53
100215,Ava,Kowalski,Ava.Kowalski100215@Example.com,1977-04-30,000-68-1715,R,2005-05-13 02:36:56
100216,Zoe,Rivera,Zoe.Rivera100216@Example.com,1986-12-19,000-65-6163,B,2021-08-01 01:25:25
100217,Ivy,Okafor,Ivy.Okafor100217@Example.com,1941-02-15,000-40-8297,R,2016-11-20 16:40:31
100218,Noah,Haddad,Noah.Haddad100218@Example.com,2001-01-11,000-38-3382,R,2017-11-09 18:49:46
100219,Zoe,Silva,Zoe.Silva100219@Example.com,1947-10-16,000-81-1680,R,2008-01-14 05:56:26
100220,Emma,Haddad,Emma.Haddad100220@Example.com,1979-07-01,000-83-8443,R,2023-09-15 20:24:07
100221,Ethan,Kowalski,Ethan.Kowalski100221@Example.com,1940-05-23,000-69-1026,B,2015-09-13 03:10:28
100222,Ethan,Silva,Ethan.Silva100222@Example.com,1999-06-18,000-16-2871,R,2023-11-15 15:51:51
100223,Emma,Stone,Emma.Stone100223@Example.com,1942-06-13,000-61-5432,B,2007-08-24 03:38:47
100224,Mia,Stone,Mia.Stone100224@Example.com,1984-10-31,000-31-3127,R,2005-11-06 05:54:50
100225,Ethan,Kowalski,Ethan.Kowalski100225@Example.com,1982-07-16,000-18-4835,R,2012-11-15 11:05:50
100226,Liam,Haddad,Liam.Haddad100226@Example.com,1969-01-30,000-73-5709,R,2008-06-28 18:56:56
100227,Owen,Haddad,Owen.Haddad100227@Example.com,1991-08-27,000-52-2471,R,2010-12-06 17:01:02
100228,Liam,Okafor,Liam.Okafor100228@Example.com,1969-12-02,000-72-2320,R,2016-04-25 09:05:15
100229,Emma,Silva,Emma.Silva100229@Example.com,1957-02-21,000-76-2319,R,2023-12-20 11:02:21
100230,Ava,Nguyen,Ava.Nguyen100230@Example.com,1983-12-26,000-80-4246,R,2015-07-22 08:32:37
100231,Owen,Rivera,Owen.Rivera100231@Example.com,1961-10-11,000-18-5149,R,2007-12-21 18:22:33
100232,Mia,Rivera,Mia.Rivera100232@Example.com,1999-11-19,000-12-4556,R,2006-08-02 06:58:05
100233,Liam,Stone,Liam.Stone100233@Example.com,1964-10-25,000-18-5207,R,2015-09-15 08:14:06
100234,Ivy,Kowalski,Ivy.Kowalski100234@Example.com,1995-03-07,000-64-4882,B,2012-07-22 04:44:39
100235,Ivy,Rivera,Ivy.Rivera100235@Example.com,1988-03-06,000-74-8310,R,2017-08-27 20:02:29
100236,Mia,Patel,Mia.Patel100236@Example.com,2002-10-21,000-41-9299,R,2011-10-17 04:49:08
100237,Noah,Nguyen,Noah.Nguyen100237@Example.com,1975-08-23,000-67-5479,R,2017-04-13 03:29:25
100238,Mia,Rivera,Mia.Rivera100238@Example.com,1948-05-27,000-41-9206,R,2022-02-12 12:14:53
100239,Liam,Okafor,Liam.Okafor100239@Example.com,1960-07-10,000-35-5160,R,2008-08-12 00:58:23
100240,Ivy,Stone,Ivy.Stone100240@Example.com,2001-11-15,000-14-9002,R,2006-05-07 10:33:40
100241,Noah,Nguyen,Noah.Nguyen100241@Example.com,1986-10-17,000-59-9026,R,2009-12-19 18:27:43
100242,Zoe,Stone,Zoe.Stone100242@Example.com,1975-08-04,000-48-6031,R,2021-08-20 10:23:57
100243,Ivy,Okafor,Ivy.Okafor100243@Example.com,1989-06-21,000-47-6495,R,2009-09-12 14:19:53
100244,Noah,Nguyen,Noah.Nguyen100244@Example.com,1957-07-22,000-25-6551,R,2016-08-25 22:52:59
100245,Ivy,Silva,Ivy.Silva100245@Example.com,1951-01-09,000-56-3577,B,2007-10-27 18:22:03
100246,Noah,Nguyen,Noah.Nguyen100246@Example.com,1962-10-18,000-18-8207,R,2008-04-10 00:57:53
100247,Lucas,Okafor,Lucas.Okafor100247@Example.com,1955-03-29,000-17-8445,R,2009-05-16 08:17:49
100248,Ivy,Haddad,Ivy.Haddad100248@Example.com,1962-02-19,000-55-7637,B,2013-06-01 22:57:15
100249,Owen,Patel,Owen.Patel100249@Example.com,1992-11-15,000-41-6240,R,2019-02-03 11:54:06
100250,Lucas,Rivera,Lucas.Rivera100250@Example.com,1943-07-03,000-15-9085,B,2019-12-26 20:25:02
